Timestamp,Model_Name,Config_ID,Epoch,Train_Loss,Train_Acc,Val_Loss,Val_Acc,Best_Val_Acc, LR
2026-01-16 17:34:49,r3d_18,smart_hand_crop_v1,1,4.7394,0.0158,4.3986,0.0313,0.0000
2026-01-16 17:40:03,r3d_18,smart_hand_crop_v1,2,4.4198,0.0437,4.2118,0.0509,0.0313
2026-01-16 17:45:18,r3d_18,smart_hand_crop_v1,3,4.2852,0.0587,3.9862,0.0744,0.0509
2026-01-16 17:50:38,r3d_18,smart_hand_crop_v1,4,4.0992,0.0795,3.7969,0.1233,0.0744
2026-01-16 17:56:19,r3d_18,smart_hand_crop_v1,5,3.9121,0.1096,3.7504,0.1252,0.1233
2026-01-16 18:02:28,r3d_18,smart_hand_crop_v1,6,3.7562,0.1347,3.5305,0.1703,0.1252
2026-01-16 18:08:27,r3d_18,smart_hand_crop_v1,7,3.5904,0.1605,3.3059,0.1840,0.1703
2026-01-16 18:14:15,r3d_18,smart_hand_crop_v1,8,3.4117,0.1927,3.1610,0.2192,0.1840
2026-01-16 18:20:24,r3d_18,smart_hand_crop_v1,9,3.2641,0.2357,2.9990,0.2192,0.2192
2026-01-16 18:25:42,r3d_18,smart_hand_crop_v1,10,3.0935,0.2772,2.9428,0.2603,0.2192
2026-01-16 18:30:53,r3d_18,smart_hand_crop_v1,11,2.9274,0.3052,2.8539,0.2701,0.2603
2026-01-16 18:35:35,r3d_18,smart_hand_crop_v1,12,2.7178,0.3546,2.6318,0.3268,0.2701
2026-01-16 18:40:15,r3d_18,smart_hand_crop_v1,13,2.5597,0.4112,2.5215,0.3386,0.3268
2026-01-16 18:44:52,r3d_18,smart_hand_crop_v1,14,2.3235,0.4534,2.4036,0.3718,0.3386
2026-01-16 18:49:25,r3d_18,smart_hand_crop_v1,15,2.1802,0.5172,2.4483,0.3679,0.3718
2026-01-16 18:54:10,r3d_18,smart_hand_crop_v1,16,2.0063,0.5566,2.4254,0.3718,0.3718
2026-01-16 18:58:51,r3d_18,smart_hand_crop_v1,17,1.8483,0.6218,2.4232,0.3953,0.3718
2026-01-16 19:03:33,r3d_18,smart_hand_crop_v1,18,1.6593,0.6669,2.2842,0.4325,0.3953
2026-01-16 19:08:18,r3d_18,smart_hand_crop_v1,19,1.4700,0.7185,2.2551,0.4031,0.4325
2026-01-16 19:13:02,r3d_18,smart_hand_crop_v1,20,1.3614,0.7464,2.2639,0.4403,0.4325
2026-01-16 19:17:58,r3d_18,smart_hand_crop_v1,21,1.1460,0.8181,2.1897,0.4384,0.4403
2026-01-16 19:22:55,r3d_18,smart_hand_crop_v1,22,1.0213,0.8438,2.1569,0.4423,0.4403
2026-01-16 19:27:33,r3d_18,smart_hand_crop_v1,23,0.8748,0.8782,2.1033,0.4560,0.4423
2026-01-16 19:32:17,r3d_18,smart_hand_crop_v1,24,0.7554,0.9076,2.2248,0.4501,0.4560
2026-01-16 19:36:54,r3d_18,smart_hand_crop_v1,25,0.6454,0.9219,2.2212,0.4481,0.4560
2026-01-16 19:41:28,r3d_18,smart_hand_crop_v1,26,0.5704,0.9370,2.2063,0.4540,0.4560
2026-01-16 19:46:11,r3d_18,smart_hand_crop_v1,27,0.4777,0.9470,2.2767,0.4501,0.4560
2026-01-16 19:50:51,r3d_18,smart_hand_crop_v1,28,0.4084,0.9563,2.7141,0.4188,0.4560
2026-01-16 19:55:45,r3d_18,smart_hand_crop_v1,29,0.3783,0.9563,2.0640,0.4795,0.4560
2026-01-16 20:01:27,r3d_18,smart_hand_crop_v1,30,0.3323,0.9642,2.2753,0.4481,0.4795
2026-01-19 09:58:50,r3d_18,baseline_r3d_18_augmentations_v1,1,4.7176,0.0107,4.5694,0.0294,0.0000
2026-01-19 10:03:23,r3d_18,baseline_r3d_18_augmentations_v1,2,4.6372,0.0165,4.5615,0.0235,0.0294
2026-01-19 10:07:59,r3d_18,baseline_r3d_18_augmentations_v1,3,4.5966,0.0244,4.4882,0.0313,0.0294
2026-01-19 10:12:53,r3d_18,baseline_r3d_18_augmentations_v1,4,4.5214,0.0229,4.3994,0.0450,0.0313
2026-01-19 10:17:18,r3d_18,baseline_r3d_18_augmentations_v1,5,4.4558,0.0423,4.3535,0.0568,0.0450
2026-01-19 10:21:57,r3d_18,baseline_r3d_18_augmentations_v1,6,4.3935,0.0401,4.2693,0.0548,0.0568
2026-01-19 10:26:33,r3d_18,baseline_r3d_18_augmentations_v1,7,4.3447,0.0423,4.3432,0.0509,0.0568
2026-01-19 10:30:58,r3d_18,baseline_r3d_18_augmentations_v1,8,4.2847,0.0466,4.1376,0.0528,0.0568
2026-01-19 10:35:21,r3d_18,baseline_r3d_18_augmentations_v1,9,4.1652,0.0616,4.0113,0.0959,0.0568
2026-01-19 10:39:47,r3d_18,baseline_r3d_18_augmentations_v1,10,4.0449,0.0652,3.8263,0.1057,0.0959
2026-01-19 10:44:14,r3d_18,baseline_r3d_18_augmentations_v1,11,3.9027,0.0974,3.6900,0.1409,0.1057
2026-01-19 10:48:42,r3d_18,baseline_r3d_18_augmentations_v1,12,3.8074,0.1153,3.5993,0.1155,0.1409
2026-01-19 10:53:02,r3d_18,baseline_r3d_18_augmentations_v1,13,3.6554,0.1325,3.3943,0.1761,0.1409
2026-01-19 10:57:29,r3d_18,baseline_r3d_18_augmentations_v1,14,3.4916,0.1612,3.4391,0.1722,0.1761
2026-01-19 11:01:46,r3d_18,baseline_r3d_18_augmentations_v1,15,3.4055,0.1734,3.3694,0.1977,0.1761
2026-01-19 11:06:07,r3d_18,baseline_r3d_18_augmentations_v1,16,3.2194,0.2163,3.1119,0.2309,0.1977
2026-01-19 11:11:00,r3d_18,baseline_r3d_18_augmentations_v1,17,3.1224,0.2350,2.8665,0.2505,0.2309
2026-01-19 11:15:27,r3d_18,baseline_r3d_18_augmentations_v1,18,3.0047,0.2536,3.2978,0.2231,0.2505
2026-01-19 11:19:54,r3d_18,baseline_r3d_18_augmentations_v1,19,2.8304,0.2930,2.7892,0.3190,0.2505
2026-01-19 11:24:23,r3d_18,baseline_r3d_18_augmentations_v1,20,2.7299,0.3331,2.5391,0.3562,0.3190
2026-01-19 11:28:56,r3d_18,baseline_r3d_18_augmentations_v1,21,2.5883,0.3517,2.5411,0.3659,0.3562
2026-01-19 11:33:41,r3d_18,baseline_r3d_18_augmentations_v1,22,2.4439,0.3976,2.4148,0.3953,0.3659
2026-01-19 11:38:16,r3d_18,baseline_r3d_18_augmentations_v1,23,2.3368,0.4126,2.4393,0.3816,0.3953
2026-01-19 11:42:49,r3d_18,baseline_r3d_18_augmentations_v1,24,2.2110,0.4635,2.4407,0.3620,0.3953
2026-01-19 11:47:19,r3d_18,baseline_r3d_18_augmentations_v1,25,2.0471,0.5086,2.3074,0.4188,0.3953
2026-01-19 11:51:50,r3d_18,baseline_r3d_18_augmentations_v1,26,1.9779,0.5215,2.1767,0.3953,0.4188
2026-01-19 11:56:24,r3d_18,baseline_r3d_18_augmentations_v1,27,1.8266,0.5609,2.2403,0.4227,0.4188
2026-01-19 12:00:53,r3d_18,baseline_r3d_18_augmentations_v1,28,1.7283,0.5809,2.0293,0.4892,0.4227
2026-01-19 12:05:32,r3d_18,baseline_r3d_18_augmentations_v1,29,1.5832,0.6490,2.2317,0.4403,0.4892
2026-01-19 12:10:02,r3d_18,baseline_r3d_18_augmentations_v1,30,1.4662,0.6777,1.8599,0.5010,0.4892
2026-01-19 12:14:33,r3d_18,baseline_r3d_18_augmentations_v1,31,1.4010,0.6941,1.9823,0.4971,0.5010
2026-01-19 12:19:09,r3d_18,baseline_r3d_18_augmentations_v1,32,1.2857,0.7206,2.1339,0.4462,0.5010
2026-01-19 12:23:22,r3d_18,baseline_r3d_18_augmentations_v1,33,1.1948,0.7543,1.8249,0.5049,0.5010
2026-01-19 12:27:50,r3d_18,baseline_r3d_18_augmentations_v1,34,1.1448,0.7629,1.7531,0.5362,0.5049
2026-01-19 12:32:32,r3d_18,baseline_r3d_18_augmentations_v1,35,1.0278,0.7966,2.0920,0.4795,0.5362
2026-01-19 12:37:04,r3d_18,baseline_r3d_18_augmentations_v1,36,0.9435,0.8159,1.8359,0.5088,0.5362
2026-01-19 12:41:41,r3d_18,baseline_r3d_18_augmentations_v1,37,0.8431,0.8553,1.6536,0.5675,0.5362
2026-01-19 12:46:13,r3d_18,baseline_r3d_18_augmentations_v1,38,0.7949,0.8746,1.7097,0.5499,0.5675
2026-01-19 12:50:44,r3d_18,baseline_r3d_18_augmentations_v1,39,0.6800,0.8904,1.8351,0.5166,0.5675
2026-01-19 12:55:09,r3d_18,baseline_r3d_18_augmentations_v1,40,0.6388,0.8990,1.7700,0.5284,0.5675
2026-01-19 12:59:34,r3d_18,baseline_r3d_18_augmentations_v1,41,0.5653,0.9183,1.6079,0.5812,0.5675
2026-01-19 13:04:02,r3d_18,baseline_r3d_18_augmentations_v1,42,0.4918,0.9384,1.7056,0.5558,0.5812
2026-01-19 13:08:33,r3d_18,baseline_r3d_18_augmentations_v1,43,0.4578,0.9370,1.6691,0.5675,0.5812
2026-01-19 13:12:55,r3d_18,baseline_r3d_18_augmentations_v1,44,0.4571,0.9348,1.8104,0.5577,0.5812
2026-01-19 13:17:20,r3d_18,baseline_r3d_18_augmentations_v1,45,0.4122,0.9499,1.5792,0.5871,0.5812
2026-01-19 13:21:50,r3d_18,baseline_r3d_18_augmentations_v1,46,0.3686,0.9456,1.7421,0.5636,0.5871
2026-01-19 13:26:13,r3d_18,baseline_r3d_18_augmentations_v1,47,0.3249,0.9527,1.8392,0.5597,0.5871
2026-01-19 13:30:44,r3d_18,baseline_r3d_18_augmentations_v1,48,0.3046,0.9585,1.6878,0.5793,0.5871
2026-01-19 13:35:10,r3d_18,baseline_r3d_18_augmentations_v1,49,0.2847,0.9613,1.8054,0.5616,0.5871
2026-01-19 13:39:35,r3d_18,baseline_r3d_18_augmentations_v1,50,0.2579,0.9706,1.8369,0.5656,0.5871
2026-01-19 15:08:53,2dcnn_lstm,2dcnn_lstm_augmentations_no_hand_crop_v1,1,4.6171,0.0107,4.5839,0.0235,0.0000
2026-01-19 15:11:41,2dcnn_lstm,2dcnn_lstm_augmentations_no_hand_crop_v1,2,4.5592,0.0301,4.5186,0.0254,0.0235
2026-01-19 15:14:57,2dcnn_lstm,2dcnn_lstm_augmentations_no_hand_crop_v1,3,4.4320,0.0337,4.3827,0.0352,0.0254
2026-01-19 15:18:07,2dcnn_lstm,2dcnn_lstm_augmentations_no_hand_crop_v1,4,4.2555,0.0387,4.3313,0.0294,0.0352
2026-01-19 15:21:04,2dcnn_lstm,2dcnn_lstm_augmentations_no_hand_crop_v1,5,4.1589,0.0458,4.1326,0.0411,0.0352
2026-01-19 15:23:58,2dcnn_lstm,2dcnn_lstm_augmentations_no_hand_crop_v1,6,4.0448,0.0602,4.0421,0.0587,0.0411
2026-01-19 15:27:01,2dcnn_lstm,2dcnn_lstm_augmentations_no_hand_crop_v1,7,3.9230,0.0781,4.0067,0.0489,0.0587
2026-01-19 15:30:01,2dcnn_lstm,2dcnn_lstm_augmentations_no_hand_crop_v1,8,3.8511,0.0738,3.8509,0.0724,0.0587
2026-01-19 15:32:56,2dcnn_lstm,2dcnn_lstm_augmentations_no_hand_crop_v1,9,3.6903,0.0953,3.8158,0.0900,0.0724
2026-01-19 15:35:56,2dcnn_lstm,2dcnn_lstm_augmentations_no_hand_crop_v1,10,3.6063,0.1082,3.7336,0.0861,0.0900
2026-01-19 15:38:51,2dcnn_lstm,2dcnn_lstm_augmentations_no_hand_crop_v1,11,3.5325,0.1211,3.7032,0.0920,0.0900
2026-01-19 15:41:44,2dcnn_lstm,2dcnn_lstm_augmentations_no_hand_crop_v1,12,3.4493,0.1275,3.6913,0.1233,0.0920
2026-01-19 15:44:42,2dcnn_lstm,2dcnn_lstm_augmentations_no_hand_crop_v1,13,3.3360,0.1590,3.5009,0.1135,0.1233
2026-01-19 15:47:41,2dcnn_lstm,2dcnn_lstm_augmentations_no_hand_crop_v1,14,3.2229,0.1734,3.4723,0.1487,0.1233
2026-01-19 15:50:33,2dcnn_lstm,2dcnn_lstm_augmentations_no_hand_crop_v1,15,3.1006,0.2020,3.4210,0.1507,0.1487
2026-01-19 15:53:21,2dcnn_lstm,2dcnn_lstm_augmentations_no_hand_crop_v1,16,3.0331,0.2013,3.2662,0.1820,0.1507
2026-01-19 15:56:12,2dcnn_lstm,2dcnn_lstm_augmentations_no_hand_crop_v1,17,2.9300,0.2321,3.2173,0.1879,0.1820
2026-01-19 15:59:03,2dcnn_lstm,2dcnn_lstm_augmentations_no_hand_crop_v1,18,2.8274,0.2428,3.0912,0.2094,0.1879
2026-01-19 16:01:51,2dcnn_lstm,2dcnn_lstm_augmentations_no_hand_crop_v1,19,2.7406,0.2607,3.2424,0.1663,0.2094
2026-01-19 16:04:37,2dcnn_lstm,2dcnn_lstm_augmentations_no_hand_crop_v1,20,2.6848,0.2593,3.0421,0.2250,0.2094
2026-01-19 16:07:22,2dcnn_lstm,2dcnn_lstm_augmentations_no_hand_crop_v1,21,2.5791,0.2872,3.1557,0.1859,0.2250
2026-01-19 16:10:09,2dcnn_lstm,2dcnn_lstm_augmentations_no_hand_crop_v1,22,2.4943,0.2987,3.0025,0.2074,0.2250
2026-01-19 16:12:58,2dcnn_lstm,2dcnn_lstm_augmentations_no_hand_crop_v1,23,2.4140,0.3331,3.0132,0.2016,0.2250
2026-01-19 16:15:45,2dcnn_lstm,2dcnn_lstm_augmentations_no_hand_crop_v1,24,2.3300,0.3524,2.8931,0.2446,0.2250
2026-01-19 16:18:31,2dcnn_lstm,2dcnn_lstm_augmentations_no_hand_crop_v1,25,2.2087,0.3725,2.8886,0.2642,0.2446
2026-01-19 16:21:02,2dcnn_lstm,2dcnn_lstm_augmentations_no_hand_crop_v1,26,2.1789,0.3868,2.9739,0.2329,0.2642
2026-01-19 16:23:26,2dcnn_lstm,2dcnn_lstm_augmentations_no_hand_crop_v1,27,2.0997,0.4112,2.9678,0.2348,0.2642
2026-01-19 16:26:01,2dcnn_lstm,2dcnn_lstm_augmentations_no_hand_crop_v1,28,2.0358,0.4312,2.7543,0.2622,0.2642
2026-01-19 16:28:39,2dcnn_lstm,2dcnn_lstm_augmentations_no_hand_crop_v1,29,1.8973,0.4749,2.9051,0.2642,0.2642
2026-01-19 16:31:20,2dcnn_lstm,2dcnn_lstm_augmentations_no_hand_crop_v1,30,1.8669,0.4871,2.6272,0.3033,0.2642
2026-01-19 16:33:49,2dcnn_lstm,2dcnn_lstm_augmentations_no_hand_crop_v1,31,1.7694,0.5079,2.5731,0.3072,0.3033
2026-01-19 16:36:20,2dcnn_lstm,2dcnn_lstm_augmentations_no_hand_crop_v1,32,1.7366,0.5143,2.6111,0.3209,0.3072
2026-01-19 16:38:58,2dcnn_lstm,2dcnn_lstm_augmentations_no_hand_crop_v1,33,1.6438,0.5365,2.6559,0.2994,0.3209
2026-01-19 16:41:26,2dcnn_lstm,2dcnn_lstm_augmentations_no_hand_crop_v1,34,1.5833,0.5602,2.5318,0.3268,0.3209
2026-01-19 16:43:54,2dcnn_lstm,2dcnn_lstm_augmentations_no_hand_crop_v1,35,1.5234,0.5716,2.5393,0.3405,0.3268
2026-01-19 16:46:21,2dcnn_lstm,2dcnn_lstm_augmentations_no_hand_crop_v1,36,1.4358,0.6082,2.6185,0.3112,0.3405
2026-01-19 16:48:52,2dcnn_lstm,2dcnn_lstm_augmentations_no_hand_crop_v1,37,1.4345,0.5989,2.3938,0.3757,0.3405
2026-01-19 16:51:24,2dcnn_lstm,2dcnn_lstm_augmentations_no_hand_crop_v1,38,1.3366,0.6261,2.4844,0.3679,0.3757
2026-01-19 16:53:50,2dcnn_lstm,2dcnn_lstm_augmentations_no_hand_crop_v1,39,1.2941,0.6490,2.4642,0.3679,0.3757
2026-01-19 16:56:14,2dcnn_lstm,2dcnn_lstm_augmentations_no_hand_crop_v1,40,1.2442,0.6490,2.4177,0.3620,0.3757
2026-01-19 16:58:45,2dcnn_lstm,2dcnn_lstm_augmentations_no_hand_crop_v1,41,1.1660,0.6762,2.3861,0.3816,0.3757
2026-01-19 17:01:13,2dcnn_lstm,2dcnn_lstm_augmentations_no_hand_crop_v1,42,1.1539,0.6734,2.3232,0.3836,0.3816
2026-01-19 17:03:41,2dcnn_lstm,2dcnn_lstm_augmentations_no_hand_crop_v1,43,1.0467,0.7185,2.3447,0.3855,0.3836
2026-01-19 17:06:01,2dcnn_lstm,2dcnn_lstm_augmentations_no_hand_crop_v1,44,1.0545,0.7077,2.3234,0.3855,0.3855
2026-01-19 17:08:24,2dcnn_lstm,2dcnn_lstm_augmentations_no_hand_crop_v1,45,0.9816,0.7249,2.2548,0.3973,0.3855
2026-01-19 17:10:54,2dcnn_lstm,2dcnn_lstm_augmentations_no_hand_crop_v1,46,0.9374,0.7357,2.2935,0.3855,0.3973
2026-01-19 17:13:23,2dcnn_lstm,2dcnn_lstm_augmentations_no_hand_crop_v1,47,0.8454,0.7665,2.2337,0.4227,0.3973
2026-01-19 17:15:53,2dcnn_lstm,2dcnn_lstm_augmentations_no_hand_crop_v1,48,0.8610,0.7923,2.4529,0.3914,0.4227
2026-01-19 17:18:31,2dcnn_lstm,2dcnn_lstm_augmentations_no_hand_crop_v1,49,0.7710,0.7951,2.3646,0.4129,0.4227
2026-01-20 20:20:36,2dcnn_lstm,2dcnn_lstm_hard_augmentations_no_hand_crop_v1,1,4.6165,0.0093,4.5954,0.0196,0.0000,0.000100
2026-01-20 20:23:14,2dcnn_lstm,2dcnn_lstm_hard_augmentations_no_hand_crop_v1,2,4.5872,0.0272,4.5711,0.0215,0.0196,0.000100
2026-01-20 20:25:45,2dcnn_lstm,2dcnn_lstm_hard_augmentations_no_hand_crop_v1,3,4.5240,0.0301,4.4803,0.0254,0.0215,0.000100
2026-01-20 20:28:17,2dcnn_lstm,2dcnn_lstm_hard_augmentations_no_hand_crop_v1,4,4.3971,0.0380,4.3455,0.0254,0.0254,0.000100
2026-01-20 20:30:50,2dcnn_lstm,2dcnn_lstm_hard_augmentations_no_hand_crop_v1,5,4.2692,0.0444,4.2478,0.0391,0.0254,0.000100
2026-01-20 20:33:22,2dcnn_lstm,2dcnn_lstm_hard_augmentations_no_hand_crop_v1,6,4.1467,0.0501,4.1714,0.0509,0.0391,0.000100
2026-01-20 20:35:52,2dcnn_lstm,2dcnn_lstm_hard_augmentations_no_hand_crop_v1,7,4.0970,0.0630,4.1106,0.0528,0.0509,0.000100
2026-01-20 20:38:21,2dcnn_lstm,2dcnn_lstm_hard_augmentations_no_hand_crop_v1,8,3.9930,0.0638,4.0421,0.0568,0.0528,0.000100
2026-01-20 20:40:51,2dcnn_lstm,2dcnn_lstm_hard_augmentations_no_hand_crop_v1,9,3.8649,0.0967,3.9623,0.0822,0.0568,0.000100
2026-01-20 20:43:21,2dcnn_lstm,2dcnn_lstm_hard_augmentations_no_hand_crop_v1,10,3.7757,0.1082,3.8499,0.0841,0.0822,0.000100
2026-01-20 20:45:52,2dcnn_lstm,2dcnn_lstm_hard_augmentations_no_hand_crop_v1,11,3.6578,0.1110,3.8053,0.0959,0.0841,0.000100
2026-01-20 20:48:23,2dcnn_lstm,2dcnn_lstm_hard_augmentations_no_hand_crop_v1,12,3.5901,0.1139,3.6636,0.1135,0.0959,0.000100
2026-01-20 20:50:55,2dcnn_lstm,2dcnn_lstm_hard_augmentations_no_hand_crop_v1,13,3.4642,0.1311,3.6125,0.1194,0.1135,0.000100
2026-01-20 20:53:25,2dcnn_lstm,2dcnn_lstm_hard_augmentations_no_hand_crop_v1,14,3.3983,0.1640,3.4393,0.1644,0.1194,0.000100
2026-01-20 20:55:59,2dcnn_lstm,2dcnn_lstm_hard_augmentations_no_hand_crop_v1,15,3.3641,0.1454,3.5124,0.1468,0.1644,0.000100
2026-01-20 20:58:29,2dcnn_lstm,2dcnn_lstm_hard_augmentations_no_hand_crop_v1,16,3.2322,0.1819,3.3432,0.1585,0.1644,0.000100
2026-01-20 21:01:00,2dcnn_lstm,2dcnn_lstm_hard_augmentations_no_hand_crop_v1,17,3.1478,0.1999,3.3869,0.1663,0.1644,0.000100
2026-01-20 21:03:28,2dcnn_lstm,2dcnn_lstm_hard_augmentations_no_hand_crop_v1,18,3.0602,0.2120,3.2759,0.1663,0.1663,0.000100
2026-01-20 21:05:57,2dcnn_lstm,2dcnn_lstm_hard_augmentations_no_hand_crop_v1,19,2.9730,0.2156,3.3822,0.1448,0.1663,0.000100
2026-01-20 21:08:25,2dcnn_lstm,2dcnn_lstm_hard_augmentations_no_hand_crop_v1,20,2.8672,0.2514,3.2094,0.1898,0.1663,0.000100
2026-01-20 21:10:56,2dcnn_lstm,2dcnn_lstm_hard_augmentations_no_hand_crop_v1,21,2.8459,0.2521,3.2714,0.1468,0.1898,0.000100
2026-01-20 21:13:27,2dcnn_lstm,2dcnn_lstm_hard_augmentations_no_hand_crop_v1,22,2.7647,0.2658,3.1018,0.1996,0.1898,0.000100
2026-01-20 21:15:58,2dcnn_lstm,2dcnn_lstm_hard_augmentations_no_hand_crop_v1,23,2.7220,0.2844,3.1564,0.1918,0.1996,0.000100
2026-01-20 21:18:34,2dcnn_lstm,2dcnn_lstm_hard_augmentations_no_hand_crop_v1,24,2.6269,0.3052,3.0805,0.1996,0.1996,0.000100
2026-01-20 21:21:00,2dcnn_lstm,2dcnn_lstm_hard_augmentations_no_hand_crop_v1,25,2.5330,0.3281,3.0062,0.2035,0.1996,0.000100
2026-01-20 21:23:27,2dcnn_lstm,2dcnn_lstm_hard_augmentations_no_hand_crop_v1,26,2.5191,0.3238,3.0812,0.1879,0.2035,0.000100
2026-01-20 21:25:56,2dcnn_lstm,2dcnn_lstm_hard_augmentations_no_hand_crop_v1,27,2.4447,0.3553,2.8220,0.2446,0.2035,0.000100
2026-01-20 21:28:26,2dcnn_lstm,2dcnn_lstm_hard_augmentations_no_hand_crop_v1,28,2.3363,0.3711,2.8321,0.2485,0.2446,0.000100
2026-01-20 21:30:57,2dcnn_lstm,2dcnn_lstm_hard_augmentations_no_hand_crop_v1,29,2.2998,0.3625,2.8408,0.2466,0.2485,0.000100
2026-01-20 21:33:27,2dcnn_lstm,2dcnn_lstm_hard_augmentations_no_hand_crop_v1,30,2.2851,0.3804,2.8813,0.2446,0.2485,0.000100
2026-01-20 21:35:57,2dcnn_lstm,2dcnn_lstm_hard_augmentations_no_hand_crop_v1,31,2.1458,0.4176,2.7491,0.2740,0.2485,0.000100
2026-01-20 21:38:40,2dcnn_lstm,2dcnn_lstm_hard_augmentations_no_hand_crop_v1,32,2.1339,0.4033,2.8867,0.2642,0.2740,0.000100
2026-01-20 21:41:17,2dcnn_lstm,2dcnn_lstm_hard_augmentations_no_hand_crop_v1,33,2.1240,0.4183,2.8773,0.2485,0.2740,0.000100
2026-01-20 21:43:53,2dcnn_lstm,2dcnn_lstm_hard_augmentations_no_hand_crop_v1,34,2.0039,0.4420,2.6771,0.2564,0.2740,0.000100
2026-01-20 21:46:29,2dcnn_lstm,2dcnn_lstm_hard_augmentations_no_hand_crop_v1,35,1.9415,0.4656,2.6732,0.2916,0.2740,0.000100
2026-01-20 21:49:02,2dcnn_lstm,2dcnn_lstm_hard_augmentations_no_hand_crop_v1,36,1.8723,0.4993,2.6901,0.2916,0.2916,0.000100
2026-01-20 21:51:36,2dcnn_lstm,2dcnn_lstm_hard_augmentations_no_hand_crop_v1,37,1.8846,0.4792,2.5689,0.2975,0.2916,0.000100
2026-01-20 21:54:10,2dcnn_lstm,2dcnn_lstm_hard_augmentations_no_hand_crop_v1,38,1.7724,0.5122,2.6892,0.2759,0.2975,0.000100
2026-01-20 21:56:54,2dcnn_lstm,2dcnn_lstm_hard_augmentations_no_hand_crop_v1,39,1.7485,0.5179,2.6697,0.2798,0.2975,0.000100
2026-01-20 21:59:46,2dcnn_lstm,2dcnn_lstm_hard_augmentations_no_hand_crop_v1,40,1.7013,0.5415,2.7031,0.3053,0.2975,0.000100
2026-01-20 22:02:24,2dcnn_lstm,2dcnn_lstm_hard_augmentations_no_hand_crop_v1,41,1.7067,0.5301,2.6861,0.2838,0.3053,0.000050
2026-01-20 22:04:54,2dcnn_lstm,2dcnn_lstm_hard_augmentations_no_hand_crop_v1,42,1.3994,0.6182,2.3451,0.3464,0.3053,0.000050
2026-01-20 22:07:25,2dcnn_lstm,2dcnn_lstm_hard_augmentations_no_hand_crop_v1,43,1.3269,0.6547,2.3038,0.3757,0.3464,0.000050
2026-01-20 22:09:54,2dcnn_lstm,2dcnn_lstm_hard_augmentations_no_hand_crop_v1,44,1.2676,0.6640,2.3070,0.3973,0.3757,0.000050
2026-01-20 22:12:29,2dcnn_lstm,2dcnn_lstm_hard_augmentations_no_hand_crop_v1,45,1.2353,0.6683,2.2727,0.4129,0.3973,0.000050
2026-01-20 22:15:01,2dcnn_lstm,2dcnn_lstm_hard_augmentations_no_hand_crop_v1,46,1.2158,0.6777,2.3106,0.3875,0.4129,0.000050
2026-01-20 22:17:33,2dcnn_lstm,2dcnn_lstm_hard_augmentations_no_hand_crop_v1,47,1.1253,0.7099,2.1985,0.4149,0.4129,0.000050
2026-01-20 22:20:03,2dcnn_lstm,2dcnn_lstm_hard_augmentations_no_hand_crop_v1,48,1.0778,0.7350,2.2889,0.3973,0.4149,0.000050
2026-01-20 22:22:34,2dcnn_lstm,2dcnn_lstm_hard_augmentations_no_hand_crop_v1,49,1.1048,0.7206,2.1753,0.4168,0.4149,0.000050
2026-01-20 22:25:06,2dcnn_lstm,2dcnn_lstm_hard_augmentations_no_hand_crop_v1,50,1.0313,0.7350,2.1140,0.4168,0.4168,0.000050
2026-01-21 21:39:52,i3d_two_stream,i3d_two_stream_v1,1,4.7364,0.0158,4.6252,0.0176,0.0000,0.000100
2026-01-21 21:42:50,i3d_two_stream,i3d_two_stream_v1,2,4.5839,0.0186,4.7561,0.0196,0.0176,0.000100
2026-01-21 21:45:50,i3d_two_stream,i3d_two_stream_v1,3,4.4967,0.0330,4.4903,0.0254,0.0196,0.000100
2026-01-21 21:48:49,i3d_two_stream,i3d_two_stream_v1,4,4.4372,0.0272,4.3377,0.0372,0.0254,0.000100
2026-01-21 21:52:20,i3d_two_stream,i3d_two_stream_v1,5,4.3173,0.0358,4.3521,0.0333,0.0372,0.000100
2026-01-21 21:57:03,i3d_two_stream,i3d_two_stream_v1,6,4.2361,0.0330,4.1518,0.0450,0.0372,0.000100
2026-01-21 22:00:26,i3d_two_stream,i3d_two_stream_v1,7,4.1484,0.0451,4.8761,0.0137,0.0450,0.000100
2026-01-21 22:03:24,i3d_two_stream,i3d_two_stream_v1,8,4.0839,0.0595,4.1216,0.0587,0.0450,0.000100
2026-01-21 22:06:21,i3d_two_stream,i3d_two_stream_v1,9,3.9918,0.0595,4.1074,0.0470,0.0587,0.000100
2026-01-21 22:09:15,i3d_two_stream,i3d_two_stream_v1,10,3.9359,0.0738,3.9129,0.0626,0.0587,0.000100
2026-01-21 22:12:18,i3d_two_stream,i3d_two_stream_v1,11,3.8312,0.0817,4.2405,0.0548,0.0626,0.000100
2026-01-21 22:15:17,i3d_two_stream,i3d_two_stream_v1,12,3.7794,0.0981,3.6966,0.1115,0.0626,0.000100
2026-01-21 22:18:09,i3d_two_stream,i3d_two_stream_v1,13,3.6797,0.1053,3.6969,0.0920,0.1115,0.000100
2026-01-21 22:22:19,i3d_two_stream,i3d_two_stream_v1,14,3.5919,0.1153,3.9239,0.0920,0.1115,0.000100
2026-01-21 22:27:10,i3d_two_stream,i3d_two_stream_v1,15,3.5337,0.1411,3.6226,0.1213,0.1115,0.000100
2026-01-21 22:30:37,i3d_two_stream,i3d_two_stream_v1,16,3.4200,0.1569,3.7409,0.0939,0.1213,0.000100
2026-01-21 22:34:00,i3d_two_stream,i3d_two_stream_v1,17,3.3354,0.1669,3.4768,0.1311,0.1213,0.000100
2026-02-04 22:27:04,r3d_18,r3d_18_v1_1000,1,7.0931,0.10,0.56,1.07,6.9875,0.14,0.48,1.14,0.000010
2026-02-04 22:36:44,r3d_18,r3d_18_v1_1000,2,7.0269,0.13,0.60,1.17,6.9376,0.07,0.43,0.95,0.000020
2026-02-04 22:46:10,r3d_18,r3d_18_v1_1000,3,6.9546,0.16,0.78,1.26,6.9225,0.21,0.72,1.31,0.000030
2026-02-04 22:55:14,r3d_18,r3d_18_v1_1000,4,6.9218,0.11,0.63,1.38,6.8985,0.41,1.19,1.88,0.000040
2026-02-04 23:04:17,r3d_18,r3d_18_v1_1000,5,6.8856,0.39,1.16,2.04,6.8450,0.52,1.98,3.08,0.000050
2026-02-04 23:13:20,r3d_18,r3d_18_v1_1000,6,6.8292,0.58,1.87,3.23,6.7766,0.93,3.05,4.72,0.000050
2026-02-04 23:22:23,r3d_18,r3d_18_v1_1000,7,6.7472,0.92,3.16,5.04,6.6873,1.31,4.43,7.03,0.000050
2026-02-04 23:31:26,r3d_18,r3d_18_v1_1000,8,6.6681,1.60,4.90,7.33,6.6001,1.76,5.96,9.37,0.000050
2026-02-04 23:40:29,r3d_18,r3d_18_v1_1000,9,6.5872,1.96,5.86,8.74,6.5248,2.15,7.58,11.66,0.000050
2026-02-04 23:49:32,r3d_18,r3d_18_v1_1000,10,6.5027,2.55,7.34,11.02,6.4151,2.86,9.28,13.88,0.000050
2026-02-04 23:58:36,r3d_18,r3d_18_v1_1000,11,6.4140,2.77,8.44,13.23,6.3486,3.72,11.23,16.91,0.000050
2026-02-05 00:07:39,r3d_18,r3d_18_v1_1000,12,6.3239,3.79,10.60,15.82,6.2123,4.32,12.30,18.62,0.000050
2026-02-05 00:16:42,r3d_18,r3d_18_v1_1000,13,6.2363,4.37,12.06,18.00,6.1129,5.22,14.12,21.48,0.000050
2026-02-05 00:25:45,r3d_18,r3d_18_v1_1000,14,6.1573,4.79,13.74,20.12,6.0118,5.87,16.14,24.27,0.000050
2026-02-05 00:34:48,r3d_18,r3d_18_v1_1000,15,6.0650,5.98,15.56,22.39,5.9330,6.60,18.34,26.35,0.000050
2026-02-05 00:43:51,r3d_18,r3d_18_v1_1000,16,5.9690,6.43,17.54,25.35,5.8189,6.82,19.74,28.23,0.000050
2026-02-05 00:52:54,r3d_18,r3d_18_v1_1000,17,5.8738,7.61,19.71,27.80,5.6966,8.11,21.89,30.57,0.000050
2026-02-05 01:01:57,r3d_18,r3d_18_v1_1000,18,5.7825,8.68,21.44,30.13,5.6493,9.06,23.99,33.43,0.000050
2026-02-05 01:11:01,r3d_18,r3d_18_v1_1000,19,5.6874,9.54,23.76,32.22,5.4724,10.06,25.97,35.34,0.000050
2026-02-05 01:20:04,r3d_18,r3d_18_v1_1000,20,5.5931,10.62,25.96,35.26,5.4080,10.99,27.47,37.41,0.000050
2026-02-05 01:29:07,r3d_18,r3d_18_v1_1000,21,5.5010,12.25,27.76,37.84,5.3812,11.97,29.26,39.99,0.000050
2026-02-05 01:38:09,r3d_18,r3d_18_v1_1000,22,5.4049,12.92,29.79,39.97,5.2580,12.95,30.71,41.61,0.000050
2026-02-05 01:47:13,r3d_18,r3d_18_v1_1000,23,5.3204,14.48,32.79,42.49,5.2050,14.16,32.90,44.47,0.000050
2026-02-05 01:56:16,r3d_18,r3d_18_v1_1000,24,5.2256,15.50,34.30,44.95,5.0831,14.88,34.69,46.26,0.000050
2026-02-05 02:05:18,r3d_18,r3d_18_v1_1000,25,5.1267,17.00,36.59,47.41,4.9450,16.31,36.05,47.81,0.000050
2026-02-05 02:14:21,r3d_18,r3d_18_v1_1000,26,5.0443,17.75,38.63,49.27,4.8528,17.07,37.55,49.59,0.000050
2026-02-05 02:23:25,r3d_18,r3d_18_v1_1000,27,4.9595,19.39,40.73,51.46,4.7707,18.26,40.20,52.29,0.000050
2026-02-05 02:32:31,r3d_18,r3d_18_v1_1000,28,4.8604,21.27,43.08,53.93,4.7054,18.67,41.18,53.22,0.000050
2026-02-05 02:41:34,r3d_18,r3d_18_v1_1000,29,4.7764,22.48,44.80,56.34,4.5994,20.15,43.18,55.65,0.000050
2026-02-05 02:50:37,r3d_18,r3d_18_v1_1000,30,4.6892,23.62,47.33,58.00,4.5163,21.08,44.16,57.42,0.000050
2026-02-05 02:59:40,r3d_18,r3d_18_v1_1000,31,4.5944,25.75,50.06,60.72,4.4970,22.70,46.19,58.30,0.000050
2026-02-05 03:08:43,r3d_18,r3d_18_v1_1000,32,4.5156,26.65,51.42,62.78,4.4254,23.27,48.02,60.25,0.000050
2026-02-05 03:17:46,r3d_18,r3d_18_v1_1000,33,4.4374,28.05,53.07,64.23,4.3116,25.15,49.43,61.85,0.000050
2026-02-05 03:26:49,r3d_18,r3d_18_v1_1000,34,4.3553,29.84,54.74,65.85,4.2338,25.37,50.91,62.21,0.000050
2026-02-05 03:35:52,r3d_18,r3d_18_v1_1000,35,4.2614,31.80,57.81,68.71,4.1888,26.01,52.24,64.83,0.000050
2026-02-05 03:44:54,r3d_18,r3d_18_v1_1000,36,4.1839,32.68,59.15,69.93,4.1392,27.32,53.74,65.59,0.000050
2026-02-05 03:53:57,r3d_18,r3d_18_v1_1000,37,4.1050,34.29,60.54,71.55,4.0236,27.73,54.36,66.62,0.000050
2026-02-05 04:03:00,r3d_18,r3d_18_v1_1000,38,4.0190,35.72,62.54,72.98,3.9904,28.95,57.22,68.50,0.000050
2026-02-05 04:12:03,r3d_18,r3d_18_v1_1000,39,3.9447,37.16,64.61,74.69,3.8996,29.40,57.44,68.69,0.000050
2026-02-05 04:21:17,r3d_18,r3d_18_v1_1000,40,3.8603,39.07,65.77,76.16,3.9053,30.93,58.68,70.98,0.000050
2026-02-05 04:30:20,r3d_18,r3d_18_v1_1000,41,3.7757,40.30,68.20,77.60,3.8378,32.00,59.82,72.01,0.000050
2026-02-05 04:39:23,r3d_18,r3d_18_v1_1000,42,3.7124,41.46,68.86,78.96,3.7861,32.28,60.42,72.13,0.000050
2026-02-05 04:48:26,r3d_18,r3d_18_v1_1000,43,3.6302,43.38,71.16,80.53,3.7161,33.62,62.14,73.51,0.000050
2026-02-05 04:57:29,r3d_18,r3d_18_v1_1000,44,3.5413,45.83,72.34,81.71,3.6535,34.36,63.33,74.75,0.000050
2026-02-05 05:06:32,r3d_18,r3d_18_v1_1000,45,3.4723,47.15,73.81,82.80,3.5871,35.22,64.59,75.54,0.000050
2026-02-05 05:15:35,r3d_18,r3d_18_v1_1000,46,3.3945,48.65,75.15,83.57,3.5235,36.50,66.40,77.09,0.000050
2026-02-05 05:24:37,r3d_18,r3d_18_v1_1000,47,3.3276,49.85,76.76,84.66,3.4681,37.36,66.55,77.18,0.000050
2026-02-05 05:33:40,r3d_18,r3d_18_v1_1000,48,3.2646,51.00,77.91,85.72,3.4044,37.53,67.74,77.78,0.000050
2026-02-05 05:42:43,r3d_18,r3d_18_v1_1000,49,3.1987,51.83,78.80,86.50,3.3756,37.96,68.14,78.02,0.000050
2026-02-05 05:51:46,r3d_18,r3d_18_v1_1000,50,3.1280,53.97,79.98,87.52,3.3134,39.79,68.96,79.64,0.000050
2026-02-05 06:00:49,r3d_18,r3d_18_v1_1000,51,3.0635,55.48,81.13,88.20,3.2887,40.08,70.08,79.76,0.000050
2026-02-05 06:09:52,r3d_18,r3d_18_v1_1000,52,2.9931,57.02,82.44,89.14,3.2748,40.32,71.01,80.31,0.000050
2026-02-05 06:18:58,r3d_18,r3d_18_v1_1000,53,2.9222,58.81,83.54,89.76,3.2069,41.49,71.48,80.88,0.000050
2026-02-05 06:28:01,r3d_18,r3d_18_v1_1000,54,2.8570,59.64,84.74,90.61,3.1751,42.85,72.13,80.97,0.000050
2026-02-05 06:37:03,r3d_18,r3d_18_v1_1000,55,2.7761,61.65,85.90,91.43,3.1278,42.94,72.79,81.93,0.000050
2026-02-05 06:46:06,r3d_18,r3d_18_v1_1000,56,2.7319,61.87,86.32,91.88,3.1080,43.47,73.87,82.43,0.000050
2026-02-05 06:55:08,r3d_18,r3d_18_v1_1000,57,2.6607,63.55,87.36,92.54,3.0391,43.37,73.77,82.71,0.000050
2026-02-05 07:04:29,r3d_18,r3d_18_v1_1000,58,2.6116,65.07,87.75,93.17,3.0233,44.87,74.92,83.17,0.000050
2026-02-05 07:13:37,r3d_18,r3d_18_v1_1000,59,2.5359,66.54,89.23,94.02,3.0248,45.40,75.27,83.48,0.000050
2026-02-05 07:22:44,r3d_18,r3d_18_v1_1000,60,2.4821,67.91,89.68,94.07,2.9457,46.33,75.49,83.79,0.000050
2026-02-05 07:31:50,r3d_18,r3d_18_v1_1000,61,2.4250,69.00,90.64,94.94,2.9039,46.85,76.39,84.07,0.000050
2026-02-05 07:40:59,r3d_18,r3d_18_v1_1000,62,2.3685,70.15,91.18,95.15,2.8817,47.95,76.87,84.38,0.000050
2026-02-05 07:50:05,r3d_18,r3d_18_v1_1000,63,2.3146,71.72,91.77,95.53,2.8799,47.40,76.66,84.72,0.000050
2026-02-05 07:59:11,r3d_18,r3d_18_v1_1000,64,2.2698,72.61,92.56,95.97,2.8520,48.33,77.35,84.62,0.000050
2026-02-05 08:09:01,r3d_18,r3d_18_v1_1000,65,2.2178,73.33,92.80,96.20,2.8099,48.86,78.04,85.34,0.000050
2026-02-05 08:18:06,r3d_18,r3d_18_v1_1000,66,2.1550,74.90,93.54,96.47,2.7801,49.14,78.14,85.31,0.000050
2026-02-05 08:27:12,r3d_18,r3d_18_v1_1000,67,2.1088,76.01,94.25,96.76,2.7338,49.38,78.78,86.03,0.000050
2026-02-05 08:36:17,r3d_18,r3d_18_v1_1000,68,2.0629,76.36,94.54,97.00,2.7494,49.50,78.47,86.05,0.000050
2026-02-05 08:45:23,r3d_18,r3d_18_v1_1000,69,2.0200,77.74,94.54,97.40,2.7019,49.93,79.30,86.24,0.000050
2026-02-05 08:54:28,r3d_18,r3d_18_v1_1000,70,1.9712,79.07,95.21,97.46,2.7087,50.36,78.87,86.15,0.000050
2026-02-05 09:03:33,r3d_18,r3d_18_v1_1000,71,1.9154,79.66,95.72,97.77,2.6772,51.72,79.92,86.62,0.000050
2026-02-05 09:12:38,r3d_18,r3d_18_v1_1000,72,1.8779,80.76,96.00,98.03,2.6447,51.31,79.69,86.70,0.000050
2026-02-05 09:21:43,r3d_18,r3d_18_v1_1000,73,1.8223,81.07,96.52,98.13,2.6518,52.22,79.78,86.96,0.000050
2026-02-05 09:30:48,r3d_18,r3d_18_v1_1000,74,1.7861,82.13,96.90,98.65,2.5948,52.31,80.19,87.17,0.000050
2026-02-05 09:39:53,r3d_18,r3d_18_v1_1000,75,1.7568,83.00,96.67,98.43,2.6267,52.27,80.35,87.03,0.000050
2026-02-05 09:48:57,r3d_18,r3d_18_v1_1000,76,1.7142,83.54,97.15,98.57,2.5852,52.19,80.73,87.84,0.000050
2026-02-05 09:58:02,r3d_18,r3d_18_v1_1000,77,1.6714,84.35,97.36,98.87,2.5511,53.22,81.35,87.63,0.000050
2026-02-05 10:07:07,r3d_18,r3d_18_v1_1000,78,1.6356,85.36,98.01,99.16,2.5538,53.41,81.26,88.05,0.000050
2026-02-05 10:16:12,r3d_18,r3d_18_v1_1000,79,1.5941,85.86,98.05,99.10,2.5394,53.36,81.21,87.63,0.000050
2026-02-05 10:25:17,r3d_18,r3d_18_v1_1000,80,1.5504,86.58,98.15,99.18,2.5317,53.27,81.38,88.03,0.000050
2026-02-05 10:34:22,r3d_18,r3d_18_v1_1000,81,1.5179,86.77,98.47,99.42,2.5143,53.53,81.74,88.29,0.000050
2026-02-05 10:43:27,r3d_18,r3d_18_v1_1000,82,1.4898,88.43,98.67,99.48,2.5190,53.74,81.33,87.98,0.000050
2026-02-05 10:52:31,r3d_18,r3d_18_v1_1000,83,1.4563,88.53,98.83,99.43,2.5043,53.27,81.86,88.72,0.000050
2026-02-05 11:01:36,r3d_18,r3d_18_v1_1000,84,1.4147,89.50,99.04,99.70,2.4860,54.39,82.21,88.44,0.000050
2026-02-05 11:10:41,r3d_18,r3d_18_v1_1000,85,1.4025,89.85,98.83,99.53,2.4938,53.77,82.05,88.60,0.000050
2026-02-05 11:19:46,r3d_18,r3d_18_v1_1000,86,1.3648,89.86,99.14,99.59,2.4677,54.72,81.95,88.63,0.000050
2026-02-05 11:28:51,r3d_18,r3d_18_v1_1000,87,1.3496,90.25,99.04,99.52,2.4742,54.77,82.09,88.67,0.000050
2026-02-05 11:37:56,r3d_18,r3d_18_v1_1000,88,1.3155,90.98,99.28,99.73,2.4449,55.29,82.86,89.03,0.000050
2026-02-05 11:47:00,r3d_18,r3d_18_v1_1000,89,1.2834,91.76,99.24,99.69,2.4357,55.20,83.07,89.13,0.000050
2026-02-05 11:56:05,r3d_18,r3d_18_v1_1000,90,1.2509,92.44,99.52,99.75,2.4602,54.43,82.95,88.75,0.000050
2026-02-05 12:05:09,r3d_18,r3d_18_v1_1000,91,1.2367,92.06,99.44,99.70,2.4222,54.53,82.95,89.51,0.000050
2026-02-05 12:14:14,r3d_18,r3d_18_v1_1000,92,1.2150,92.88,99.48,99.74,2.4638,54.55,82.21,88.51,0.000050
2026-02-05 12:23:18,r3d_18,r3d_18_v1_1000,93,1.1892,93.19,99.50,99.78,2.4379,54.82,82.83,89.01,0.000050
2026-02-05 12:32:23,r3d_18,r3d_18_v1_1000,94,1.1733,93.52,99.55,99.79,2.4218,55.46,83.02,88.84,0.000050
2026-02-05 12:41:28,r3d_18,r3d_18_v1_1000,95,1.1452,93.82,99.70,99.92,2.4381,54.63,83.09,88.82,0.000050
2026-02-05 12:50:33,r3d_18,r3d_18_v1_1000,96,1.1359,93.84,99.65,99.81,2.4244,55.01,83.19,89.03,0.000050
2026-02-05 12:59:37,r3d_18,r3d_18_v1_1000,97,1.1104,94.06,99.62,99.80,2.4017,55.27,83.52,89.15,0.000050
2026-02-05 13:08:42,r3d_18,r3d_18_v1_1000,98,1.0877,94.54,99.77,99.89,2.4269,54.89,82.62,88.72,0.000050
2026-02-05 13:17:46,r3d_18,r3d_18_v1_1000,99,1.0785,94.73,99.71,99.82,2.4033,55.15,82.93,89.18,0.000050
2026-02-05 13:26:51,r3d_18,r3d_18_v1_1000,100,1.0660,94.83,99.70,99.82,2.4157,55.41,83.19,88.98,0.000050
2026-02-05 13:35:56,r3d_18,r3d_18_v1_1000,101,1.0394,95.12,99.74,99.88,2.4240,54.70,83.24,88.82,0.000050
2026-02-05 13:45:00,r3d_18,r3d_18_v1_1000,102,1.0295,95.15,99.83,99.92,2.4321,55.13,82.95,88.84,0.000050
2026-02-05 13:54:05,r3d_18,r3d_18_v1_1000,103,1.0132,95.83,99.74,99.88,2.4270,55.46,82.69,88.96,0.000050
2026-02-05 14:03:10,r3d_18,r3d_18_v1_1000,104,0.9970,95.61,99.82,99.94,2.4250,55.01,83.09,88.70,0.000050
2026-02-05 14:12:15,r3d_18,r3d_18_v1_1000,105,0.9839,95.73,99.88,99.92,2.3931,55.48,83.36,89.27,0.000050
2026-02-05 14:21:20,r3d_18,r3d_18_v1_1000,106,0.9800,95.89,99.69,99.82,2.4054,55.48,82.71,88.84,0.000050
2026-02-05 14:30:24,r3d_18,r3d_18_v1_1000,107,0.9578,96.34,99.87,99.94,2.4313,54.91,83.00,88.89,0.000050
2026-02-05 14:39:29,r3d_18,r3d_18_v1_1000,108,0.9533,96.39,99.84,99.92,2.3963,55.27,83.38,89.32,0.000050
2026-02-05 14:48:34,r3d_18,r3d_18_v1_1000,109,0.9424,96.18,99.82,99.89,2.4033,54.86,83.69,89.13,0.000050
2026-02-05 14:57:38,r3d_18,r3d_18_v1_1000,110,0.9403,96.55,99.86,99.92,2.4126,55.29,83.19,89.22,0.000050
2026-02-05 15:06:43,r3d_18,r3d_18_v1_1000,111,0.9264,96.49,99.90,99.96,2.3986,56.10,83.48,89.27,0.000050
2026-02-05 22:45:28,2dcnn_lstm,2dcnn_lstm_v1_1000,1,6.9146,0.09,0.61,1.05,6.9032,0.26,0.86,1.45,0.000062
2026-02-05 22:54:23,2dcnn_lstm,2dcnn_lstm_v1_1000,1,6.9128,0.10,0.61,0.98,6.9034,0.17,0.83,1.38,0.000062
2026-02-05 23:00:00,2dcnn_lstm,2dcnn_lstm_v1_1000,2,6.9011,0.31,0.88,1.68,6.8927,0.33,1.24,2.27,0.000122
2026-02-05 23:08:16,2dcnn_lstm,2dcnn_lstm_v1_1000,3,6.8409,0.45,1.60,2.90,6.7007,0.41,1.62,3.15,0.000181
2026-02-05 23:14:46,2dcnn_lstm,2dcnn_lstm_v1_1000,4,6.6290,0.53,2.38,4.16,6.4552,0.67,2.86,5.41,0.000241
2026-02-05 23:21:14,2dcnn_lstm,2dcnn_lstm_v1_1000,5,6.4050,0.70,3.59,6.35,6.2183,0.98,4.53,8.44,0.000300
2026-02-05 23:27:44,2dcnn_lstm,2dcnn_lstm_v1_1000,6,6.2033,1.24,4.60,8.33,6.0450,1.53,6.27,11.21,0.000300
2026-02-05 23:34:13,2dcnn_lstm,2dcnn_lstm_v1_1000,7,6.0448,1.62,6.06,10.93,5.9186,2.07,8.01,14.31,0.000300
2026-02-05 23:40:42,2dcnn_lstm,2dcnn_lstm_v1_1000,8,5.9372,1.65,6.66,11.95,5.8600,2.41,8.18,14.83,0.000300
2026-02-05 23:47:10,2dcnn_lstm,2dcnn_lstm_v1_1000,9,5.8314,2.17,8.18,13.82,5.7283,3.15,10.87,18.00,0.000300
2026-02-05 23:53:37,2dcnn_lstm,2dcnn_lstm_v1_1000,10,5.7259,2.75,9.78,16.33,5.6804,2.67,11.66,18.93,0.000300
2026-02-06 00:00:05,2dcnn_lstm,2dcnn_lstm_v1_1000,11,5.6322,3.22,11.18,18.65,5.6451,3.46,12.78,20.34,0.000300
2026-02-06 00:06:32,2dcnn_lstm,2dcnn_lstm_v1_1000,12,5.5393,3.91,12.80,21.15,5.5046,4.24,14.33,23.13,0.000300
2026-02-06 00:13:00,2dcnn_lstm,2dcnn_lstm_v1_1000,13,5.4280,4.28,15.32,23.82,5.4345,4.20,15.36,25.73,0.000300
2026-02-06 00:19:29,2dcnn_lstm,2dcnn_lstm_v1_1000,14,5.3347,5.01,17.51,26.95,5.3421,4.96,18.00,28.18,0.000300
2026-02-06 00:25:56,2dcnn_lstm,2dcnn_lstm_v1_1000,15,5.2501,5.92,18.68,28.93,5.2729,6.32,19.81,30.59,0.000300
2026-02-06 00:32:25,2dcnn_lstm,2dcnn_lstm_v1_1000,16,5.1296,6.39,21.40,32.96,5.2014,6.56,22.75,34.14,0.000300
2026-02-06 00:38:52,2dcnn_lstm,2dcnn_lstm_v1_1000,17,5.0531,7.65,23.58,35.82,5.1764,7.30,22.27,33.24,0.000300
2026-02-06 00:45:20,2dcnn_lstm,2dcnn_lstm_v1_1000,18,4.9596,9.10,25.45,37.56,5.0843,7.84,25.49,36.89,0.000300
2026-02-06 00:51:48,2dcnn_lstm,2dcnn_lstm_v1_1000,19,4.8836,9.67,27.73,41.04,5.0077,8.66,26.75,39.18,0.000300
2026-02-06 00:58:16,2dcnn_lstm,2dcnn_lstm_v1_1000,20,4.8011,10.40,29.85,43.17,4.9868,9.08,27.44,39.60,0.000300
2026-02-06 01:04:46,2dcnn_lstm,2dcnn_lstm_v1_1000,21,4.7045,11.91,32.58,46.57,4.8825,10.23,30.31,42.49,0.000300
2026-02-06 01:11:15,2dcnn_lstm,2dcnn_lstm_v1_1000,22,4.6472,13.17,34.66,48.03,4.8211,11.44,32.09,45.21,0.000300
2026-02-06 01:17:44,2dcnn_lstm,2dcnn_lstm_v1_1000,23,4.5493,14.20,37.42,51.64,4.7790,12.16,33.17,45.90,0.000300
2026-02-06 01:24:13,2dcnn_lstm,2dcnn_lstm_v1_1000,24,4.4645,15.51,39.73,53.61,4.7502,12.37,34.36,46.54,0.000300
2026-02-06 01:30:40,2dcnn_lstm,2dcnn_lstm_v1_1000,25,4.3861,16.87,41.71,56.09,4.6761,13.23,36.22,49.00,0.000300
2026-02-06 01:37:10,2dcnn_lstm,2dcnn_lstm_v1_1000,26,4.3077,17.83,43.87,58.59,4.6632,13.16,36.77,50.38,0.000300
2026-02-06 01:43:37,2dcnn_lstm,2dcnn_lstm_v1_1000,27,4.2372,19.15,46.22,60.70,4.5908,14.90,37.84,51.03,0.000300
2026-02-06 01:50:04,2dcnn_lstm,2dcnn_lstm_v1_1000,28,4.1472,21.39,49.17,64.11,4.6245,13.76,37.96,50.02,0.000300
2026-02-06 01:56:31,2dcnn_lstm,2dcnn_lstm_v1_1000,29,4.0918,21.79,50.15,64.54,4.4793,16.71,41.89,55.25,0.000300
2026-02-06 02:03:00,2dcnn_lstm,2dcnn_lstm_v1_1000,30,4.0279,23.57,52.32,66.90,4.4351,16.93,42.51,56.46,0.000300
2026-02-06 02:09:28,2dcnn_lstm,2dcnn_lstm_v1_1000,31,3.9526,24.84,54.12,69.61,4.3972,17.57,43.90,57.51,0.000300
2026-02-06 02:15:56,2dcnn_lstm,2dcnn_lstm_v1_1000,32,3.8783,26.10,56.41,70.95,4.3710,17.95,45.09,58.20,0.000300
2026-02-06 02:22:25,2dcnn_lstm,2dcnn_lstm_v1_1000,33,3.8213,26.67,58.52,72.84,4.3652,18.19,44.49,58.08,0.000300
2026-02-06 02:28:53,2dcnn_lstm,2dcnn_lstm_v1_1000,34,3.7705,28.38,59.28,73.84,4.2781,19.84,46.16,60.42,0.000300
2026-02-06 02:35:21,2dcnn_lstm,2dcnn_lstm_v1_1000,35,3.7017,29.79,61.79,75.23,4.2301,20.55,48.31,61.68,0.000300
2026-02-06 02:41:49,2dcnn_lstm,2dcnn_lstm_v1_1000,36,3.6307,31.64,62.96,77.04,4.2243,20.65,48.90,62.09,0.000300
2026-02-06 02:48:17,2dcnn_lstm,2dcnn_lstm_v1_1000,37,3.5637,32.91,65.28,78.19,4.1983,20.86,49.12,62.40,0.000300
2026-02-06 02:54:45,2dcnn_lstm,2dcnn_lstm_v1_1000,38,3.5100,34.47,66.45,79.41,4.1295,22.20,49.95,63.92,0.000300
2026-02-06 03:01:11,2dcnn_lstm,2dcnn_lstm_v1_1000,39,3.4482,35.30,68.70,80.46,4.0782,23.34,52.15,65.33,0.000300
2026-02-06 03:07:39,2dcnn_lstm,2dcnn_lstm_v1_1000,40,3.3744,37.32,70.35,82.02,4.0926,22.99,51.74,64.57,0.000300
2026-02-06 03:14:07,2dcnn_lstm,2dcnn_lstm_v1_1000,41,3.3387,37.99,70.65,83.18,4.0578,23.44,52.93,65.14,0.000300
2026-02-06 03:20:34,2dcnn_lstm,2dcnn_lstm_v1_1000,42,3.2770,39.37,72.85,84.82,4.1020,22.60,51.91,64.78,0.000300
2026-02-06 03:27:02,2dcnn_lstm,2dcnn_lstm_v1_1000,43,3.2252,40.93,73.90,85.03,3.9890,25.42,53.98,66.86,0.000300
2026-02-06 03:33:29,2dcnn_lstm,2dcnn_lstm_v1_1000,44,3.1633,42.55,75.37,86.11,3.9201,25.99,56.06,69.05,0.000300
2026-02-06 03:39:57,2dcnn_lstm,2dcnn_lstm_v1_1000,45,3.1045,43.66,76.92,87.30,3.9363,25.54,56.18,68.65,0.000300
2026-02-06 03:46:25,2dcnn_lstm,2dcnn_lstm_v1_1000,46,3.0766,43.96,77.68,87.92,3.9172,26.47,57.11,69.34,0.000300
2026-02-06 03:52:53,2dcnn_lstm,2dcnn_lstm_v1_1000,47,3.0130,46.78,78.78,88.37,3.8964,26.13,56.96,69.79,0.000300
2026-02-06 03:59:22,2dcnn_lstm,2dcnn_lstm_v1_1000,48,2.9616,47.62,79.78,89.53,3.9145,26.44,56.41,68.79,0.000300
2026-02-06 04:05:50,2dcnn_lstm,2dcnn_lstm_v1_1000,49,2.9097,48.52,81.98,90.45,3.8566,27.44,57.51,70.15,0.000300
2026-02-06 07:14:49,2dcnn_lstm,2dcnn_lstm_v1_1000,50,2.8812,49.92,81.42,90.34,3.8211,28.14,58.49,71.08,0.000300
2026-02-06 07:19:52,2dcnn_lstm,2dcnn_lstm_v1_1000,51,2.8569,50.07,82.47,91.50,3.8270,27.99,59.49,70.89,0.000300
2026-02-06 07:25:07,2dcnn_lstm,2dcnn_lstm_v1_1000,52,2.8030,51.40,83.54,91.63,3.7802,29.04,60.63,71.82,0.000300
2026-02-06 07:31:43,2dcnn_lstm,2dcnn_lstm_v1_1000,53,2.7447,52.61,84.95,92.74,3.8017,28.52,59.87,71.77,0.000300
2026-02-06 07:37:57,2dcnn_lstm,2dcnn_lstm_v1_1000,54,2.7058,54.15,85.49,93.24,3.7816,29.57,59.90,71.72,0.000300
2026-02-06 07:44:10,2dcnn_lstm,2dcnn_lstm_v1_1000,55,2.6658,54.97,86.51,93.66,3.7202,31.07,61.42,73.22,0.000300
2026-02-06 07:50:21,2dcnn_lstm,2dcnn_lstm_v1_1000,56,2.6349,56.13,86.87,93.69,3.7189,30.83,60.94,72.96,0.000300
2026-02-06 07:56:30,2dcnn_lstm,2dcnn_lstm_v1_1000,57,2.6064,57.21,87.21,94.13,3.6933,31.35,62.85,73.92,0.000300
2026-02-06 08:02:38,2dcnn_lstm,2dcnn_lstm_v1_1000,58,2.5555,59.02,88.53,94.61,3.6927,31.38,61.95,73.82,0.000300
2026-02-06 08:08:48,2dcnn_lstm,2dcnn_lstm_v1_1000,59,2.5121,60.11,89.03,95.20,3.6577,31.57,63.02,74.51,0.000300
2026-02-06 08:14:57,2dcnn_lstm,2dcnn_lstm_v1_1000,60,2.4865,61.28,89.18,95.29,3.6465,32.64,63.30,75.08,0.000300
2026-02-06 08:21:06,2dcnn_lstm,2dcnn_lstm_v1_1000,61,2.4562,62.05,90.20,95.74,3.6778,31.76,62.49,74.30,0.000300
2026-02-06 08:27:13,2dcnn_lstm,2dcnn_lstm_v1_1000,62,2.4270,62.47,90.77,96.21,3.6492,32.24,63.16,74.56,0.000300
2026-02-06 08:33:23,2dcnn_lstm,2dcnn_lstm_v1_1000,63,2.3965,63.48,91.13,96.22,3.5968,33.50,64.66,76.13,0.000300
2026-02-06 08:39:31,2dcnn_lstm,2dcnn_lstm_v1_1000,64,2.3487,65.24,92.09,96.66,3.5803,32.93,65.05,75.97,0.000300
2026-02-06 08:45:39,2dcnn_lstm,2dcnn_lstm_v1_1000,65,2.3178,65.57,92.27,96.94,3.5865,33.14,64.54,76.30,0.000300
2026-02-06 08:51:47,2dcnn_lstm,2dcnn_lstm_v1_1000,66,2.3028,66.56,92.36,96.80,3.5988,33.69,65.14,76.30,0.000300
2026-02-06 08:57:55,2dcnn_lstm,2dcnn_lstm_v1_1000,67,2.2620,67.47,93.14,97.43,3.5414,35.46,65.64,77.56,0.000300
2026-02-06 09:08:49,2dcnn_lstm,2dcnn_lstm_v1_1000,68,2.2373,68.82,93.68,97.52,3.5624,34.50,65.36,76.87,0.000300
2026-02-06 09:17:12,2dcnn_lstm,2dcnn_lstm_v1_1000,69,2.2109,69.60,93.68,97.52,3.5944,34.07,64.93,76.47,0.000300
2026-02-06 09:23:19,2dcnn_lstm,2dcnn_lstm_v1_1000,70,2.1823,70.56,94.44,97.99,3.5545,35.24,66.17,76.51,0.000030
2026-02-06 09:29:24,2dcnn_lstm,2dcnn_lstm_v1_1000,71,2.0240,76.08,96.28,98.82,3.4557,36.77,68.03,78.56,0.000030
2026-02-06 09:35:22,2dcnn_lstm,2dcnn_lstm_v1_1000,72,1.9526,78.86,97.00,98.94,3.4309,37.39,68.62,79.11,0.000030
2026-02-06 09:47:45,2dcnn_lstm,2dcnn_lstm_v1_1000,73,1.9271,80.08,97.29,99.12,3.4266,37.46,68.69,79.40,0.000030
2026-02-06 09:55:08,2dcnn_lstm,2dcnn_lstm_v1_1000,74,1.8909,81.39,97.63,99.25,3.4175,37.94,69.17,79.59,0.000030
2026-02-06 10:00:17,2dcnn_lstm,2dcnn_lstm_v1_1000,75,1.8901,81.25,97.58,99.19,3.4013,37.96,68.93,79.73,0.000030
2026-02-06 10:05:24,2dcnn_lstm,2dcnn_lstm_v1_1000,76,1.8770,81.89,97.73,99.24,3.3982,38.08,69.46,80.02,0.000030
2026-02-06 10:10:33,2dcnn_lstm,2dcnn_lstm_v1_1000,77,1.8663,81.90,97.93,99.34,3.3924,38.15,69.48,80.07,0.000030
2026-02-06 10:15:42,2dcnn_lstm,2dcnn_lstm_v1_1000,78,1.8388,83.26,98.14,99.40,3.3898,38.22,69.60,80.38,0.000030
2026-02-06 10:20:49,2dcnn_lstm,2dcnn_lstm_v1_1000,79,1.8483,82.88,97.94,99.35,3.3823,38.89,69.98,80.31,0.000030
2026-02-06 10:25:56,2dcnn_lstm,2dcnn_lstm_v1_1000,80,1.8351,83.38,97.97,99.34,3.3801,38.87,70.08,80.21,0.000030
2026-02-06 10:31:02,2dcnn_lstm,2dcnn_lstm_v1_1000,81,1.8250,83.80,97.96,99.47,3.3898,38.36,70.12,80.16,0.000030
2026-02-06 10:36:06,2dcnn_lstm,2dcnn_lstm_v1_1000,82,1.8162,83.55,98.33,99.37,3.3844,38.63,69.74,80.26,0.000030
2026-02-06 10:41:12,2dcnn_lstm,2dcnn_lstm_v1_1000,83,1.8066,84.07,98.22,99.52,3.3850,38.39,69.89,80.14,0.000003
2026-02-06 10:46:20,2dcnn_lstm,2dcnn_lstm_v1_1000,84,1.7955,85.22,98.42,99.58,3.3824,38.96,69.72,80.26,0.000003
2026-02-06 10:51:27,2dcnn_lstm,2dcnn_lstm_v1_1000,85,1.7825,85.30,98.51,99.61,3.3857,38.56,69.96,80.14,0.000003
2026-02-06 17:19:00,2dcnn_lstm,2dcnn_lstm_v1_1000,86,2.2531,68.70,93.69,97.14,3.4423,36.91,69.10,79.38,0.000100
2026-02-06 17:24:05,2dcnn_lstm,2dcnn_lstm_v1_1000,87,2.2360,69.74,93.35,97.45,3.4522,36.81,69.05,79.38,0.000100
2026-02-06 17:29:09,2dcnn_lstm,2dcnn_lstm_v1_1000,88,2.2166,70.15,93.78,97.49,3.4285,37.94,69.69,79.73,0.000100
2026-02-06 17:34:34,2dcnn_lstm,2dcnn_lstm_v1_1000,89,2.2039,70.40,94.06,97.60,3.4446,37.89,68.29,78.95,0.000010
2026-02-06 17:40:10,2dcnn_lstm,2dcnn_lstm_v1_1000,90,2.1645,71.48,94.76,98.02,3.3929,38.44,69.84,80.26,0.000010
2026-02-06 17:52:48,2dcnn_lstm,2dcnn_lstm_v1_1000,91,2.1791,71.71,94.32,97.65,3.4455,37.24,68.84,78.76,0.000100
2026-02-06 17:59:37,2dcnn_lstm,2dcnn_lstm_v1_1000,92,2.1861,71.29,94.37,97.55,3.4589,37.34,69.07,78.66,0.000100
2026-02-06 18:08:12,2dcnn_lstm,2dcnn_lstm_v1_1000,93,2.1672,71.71,94.58,97.67,3.4338,37.55,69.41,79.16,0.000100
2026-02-06 18:21:50,2dcnn_lstm,2dcnn_lstm_v1_1000,94,2.1518,72.55,94.84,97.88,3.4092,37.77,69.74,79.80,0.000100
2026-02-06 18:27:40,2dcnn_lstm,2dcnn_lstm_v1_1000,95,2.1478,71.91,94.91,97.87,3.4277,37.58,69.46,79.73,0.000100
2026-02-06 18:33:02,2dcnn_lstm,2dcnn_lstm_v1_1000,96,2.1175,72.84,95.35,98.14,3.4047,38.34,69.86,80.04,0.000100
2026-02-06 18:38:11,2dcnn_lstm,2dcnn_lstm_v1_1000,97,2.1236,72.80,95.23,98.10,3.4067,37.96,69.72,79.90,0.000100
2026-02-06 18:43:20,2dcnn_lstm,2dcnn_lstm_v1_1000,98,2.1159,73.35,95.17,98.45,3.4605,36.96,69.43,79.18,0.000100
2026-02-06 18:48:39,2dcnn_lstm,2dcnn_lstm_v1_1000,99,2.1127,73.09,95.09,98.11,3.3823,38.70,70.22,80.31,0.000100
2026-02-06 18:53:47,2dcnn_lstm,2dcnn_lstm_v1_1000,100,2.0861,74.25,95.61,98.15,3.4909,37.05,68.98,78.28,0.000100
2026-02-06 18:58:55,2dcnn_lstm,2dcnn_lstm_v1_1000,101,2.0771,74.20,95.81,98.31,3.4040,38.03,70.41,79.78,0.000100
2026-02-06 19:04:09,2dcnn_lstm,2dcnn_lstm_v1_1000,102,2.0836,74.65,95.41,98.38,3.4139,37.63,69.62,79.40,0.000100
2026-02-06 19:09:30,2dcnn_lstm,2dcnn_lstm_v1_1000,103,2.0772,75.07,95.72,98.34,3.4621,37.39,68.81,79.02,0.000100
2026-02-06 19:14:55,2dcnn_lstm,2dcnn_lstm_v1_1000,104,2.0558,75.58,95.76,98.17,3.4062,38.67,70.34,79.47,0.000100
2026-02-06 19:20:39,2dcnn_lstm,2dcnn_lstm_v1_1000,105,2.0422,76.15,96.20,98.45,3.3965,38.39,70.34,80.04,0.000100
2026-02-06 19:26:22,2dcnn_lstm,2dcnn_lstm_v1_1000,106,2.0403,75.49,95.97,98.70,3.3706,39.44,70.53,80.23,0.000100
2026-02-06 19:31:29,2dcnn_lstm,2dcnn_lstm_v1_1000,107,2.0381,76.26,96.26,98.49,3.3833,38.79,70.65,79.95,0.000100
2026-02-06 19:36:42,2dcnn_lstm,2dcnn_lstm_v1_1000,108,2.0300,75.69,96.08,98.69,3.3689,38.94,70.51,80.50,0.000100
2026-02-06 19:41:50,2dcnn_lstm,2dcnn_lstm_v1_1000,109,2.0181,76.60,96.11,98.53,3.3697,39.77,70.34,80.14,0.000100
2026-02-06 19:47:00,2dcnn_lstm,2dcnn_lstm_v1_1000,110,2.0054,77.04,96.57,98.96,3.3889,39.37,70.93,79.78,0.000100
2026-02-06 19:52:39,2dcnn_lstm,2dcnn_lstm_v1_1000,111,1.9900,77.69,96.36,98.80,3.3781,38.51,71.05,79.76,0.000100
2026-02-06 19:58:30,2dcnn_lstm,2dcnn_lstm_v1_1000,112,1.9887,77.33,96.48,98.80,3.3848,38.96,70.34,80.31,0.000100
2026-02-06 20:04:10,2dcnn_lstm,2dcnn_lstm_v1_1000,113,2.0087,77.15,96.39,98.60,3.3465,39.32,71.75,80.76,0.000100
2026-02-06 20:09:38,2dcnn_lstm,2dcnn_lstm_v1_1000,114,1.9620,78.56,96.76,98.94,3.4222,38.41,70.05,79.52,0.000100
2026-02-06 20:15:15,2dcnn_lstm,2dcnn_lstm_v1_1000,115,1.9823,77.63,96.71,99.06,3.3782,38.22,70.86,80.35,0.000100
2026-02-06 20:20:50,2dcnn_lstm,2dcnn_lstm_v1_1000,116,1.9755,77.49,96.74,98.87,3.3858,38.48,70.51,80.33,0.000100
2026-02-06 20:26:19,2dcnn_lstm,2dcnn_lstm_v1_1000,117,1.9520,78.59,96.97,98.92,3.3743,39.41,70.82,79.83,0.000100
2026-02-06 20:31:55,2dcnn_lstm,2dcnn_lstm_v1_1000,118,1.9546,78.44,96.97,98.80,3.3427,40.10,71.32,80.62,0.000100
2026-02-06 20:37:18,2dcnn_lstm,2dcnn_lstm_v1_1000,119,1.9388,79.37,97.14,98.94,3.3581,39.39,71.20,80.45,0.000100
2026-02-06 20:42:40,2dcnn_lstm,2dcnn_lstm_v1_1000,120,1.9375,79.61,97.20,98.87,3.3818,38.91,70.46,80.42,0.000100
2026-02-06 20:47:47,2dcnn_lstm,2dcnn_lstm_v1_1000,121,1.9352,78.94,97.32,99.10,3.3784,39.32,70.58,80.09,0.000100
2026-02-06 20:53:33,2dcnn_lstm,2dcnn_lstm_v1_1000,122,1.9175,79.63,97.37,99.02,3.3570,39.63,71.05,80.35,0.000100
2026-02-06 20:59:02,2dcnn_lstm,2dcnn_lstm_v1_1000,123,1.9109,80.04,97.32,99.06,3.3633,39.53,71.46,80.31,0.000100
2026-02-06 21:04:17,2dcnn_lstm,2dcnn_lstm_v1_1000,124,1.9155,80.23,97.38,99.05,3.3738,38.96,70.93,80.45,0.000100
2026-02-06 21:09:24,2dcnn_lstm,2dcnn_lstm_v1_1000,125,1.8970,80.39,97.75,99.30,3.3495,39.89,71.53,80.78,0.000100
2026-02-06 21:14:50,2dcnn_lstm,2dcnn_lstm_v1_1000,126,1.9040,80.07,97.54,99.16,3.3525,39.48,70.96,80.69,0.000100
2026-02-06 21:20:27,2dcnn_lstm,2dcnn_lstm_v1_1000,127,1.8704,81.85,97.84,99.33,3.4170,38.01,69.86,79.90,0.000100
2026-02-06 21:26:09,2dcnn_lstm,2dcnn_lstm_v1_1000,128,1.8943,80.92,97.45,99.13,3.3528,39.91,70.86,81.02,0.000100
2026-02-06 21:31:59,2dcnn_lstm,2dcnn_lstm_v1_1000,129,1.8710,81.54,97.88,99.37,3.3186,40.06,72.03,81.19,0.000100
2026-02-06 21:37:36,2dcnn_lstm,2dcnn_lstm_v1_1000,130,1.8606,81.91,97.71,99.22,3.3525,39.44,71.39,80.83,0.000100
2026-02-06 21:42:47,2dcnn_lstm,2dcnn_lstm_v1_1000,131,1.8627,82.07,97.89,99.23,3.3342,40.34,71.58,80.76,0.000100
2026-02-06 22:12:02,2dcnn_lstm,2dcnn_lstm_mixup_v1_1000,132,3.6982,31.46,43.22,46.08,3.3373,39.03,70.72,80.69,0.000100
2026-02-06 22:20:54,2dcnn_lstm,2dcnn_lstm_mixup_v1_1000,133,3.4280,36.05,48.06,50.47,3.3264,39.22,71.24,80.38,0.000100
2026-02-06 22:30:42,2dcnn_lstm,2dcnn_lstm_mixup_v1_1000,134,3.4945,32.86,43.81,46.34,3.2853,40.25,72.01,81.04,0.000100
2026-02-06 22:40:10,2dcnn_lstm,2dcnn_lstm_mixup_v1_1000,135,3.4594,36.49,47.82,50.26,3.3065,40.30,71.55,80.62,0.000100
2026-02-06 22:49:51,2dcnn_lstm,2dcnn_lstm_mixup_v1_1000,136,3.3790,35.38,46.21,48.37,3.2843,39.77,71.84,81.07,0.000100
2026-02-06 22:59:58,2dcnn_lstm,2dcnn_lstm_mixup_v1_1000,137,3.3984,35.21,45.95,48.36,3.2807,40.58,72.01,81.07,0.000100
2026-02-06 23:10:05,2dcnn_lstm,2dcnn_lstm_mixup_v1_1000,138,3.3109,33.49,43.27,45.44,3.2573,40.15,72.08,81.43,0.000100
2026-02-06 23:20:08,2dcnn_lstm,2dcnn_lstm_mixup_v1_1000,139,3.3202,36.30,47.21,49.52,3.3042,39.41,71.17,80.57,0.000100
2026-02-06 23:30:05,2dcnn_lstm,2dcnn_lstm_mixup_v1_1000,140,3.3094,36.87,47.13,49.15,3.2822,40.32,71.53,80.88,0.000100
2026-02-06 23:40:01,2dcnn_lstm,2dcnn_lstm_mixup_v1_1000,141,3.1970,36.29,45.77,47.41,3.3183,39.99,70.96,80.76,0.000100
2026-02-06 23:49:54,2dcnn_lstm,2dcnn_lstm_mixup_v1_1000,142,3.3283,35.67,45.92,47.81,3.2579,40.80,72.48,81.50,0.000100
2026-02-06 23:59:46,2dcnn_lstm,2dcnn_lstm_mixup_v1_1000,143,3.2883,36.69,46.70,49.06,3.2793,39.58,72.01,80.85,0.000100
2026-02-07 00:09:40,2dcnn_lstm,2dcnn_lstm_mixup_v1_1000,144,3.3497,36.16,46.04,48.12,3.2614,40.61,72.25,81.28,0.000100
2026-02-07 00:19:31,2dcnn_lstm,2dcnn_lstm_mixup_v1_1000,145,3.2353,36.32,45.79,47.90,3.2649,40.49,72.46,81.38,0.000100
2026-02-07 00:29:24,2dcnn_lstm,2dcnn_lstm_mixup_v1_1000,146,3.2159,40.36,50.51,52.28,3.2460,41.18,72.13,80.93,0.000100
2026-02-07 00:39:16,2dcnn_lstm,2dcnn_lstm_mixup_v1_1000,147,3.2842,39.12,49.63,51.77,3.2673,41.46,72.15,81.00,0.000100
2026-02-07 00:49:12,2dcnn_lstm,2dcnn_lstm_mixup_v1_1000,148,3.2293,40.48,50.72,52.62,3.2622,40.32,72.15,81.07,0.000100
2026-02-07 00:59:04,2dcnn_lstm,2dcnn_lstm_mixup_v1_1000,149,3.2886,36.93,46.50,48.56,3.2777,40.72,71.98,81.00,0.000100
2026-02-07 01:08:57,2dcnn_lstm,2dcnn_lstm_mixup_v1_1000,150,3.1829,39.60,49.94,51.81,3.2179,41.82,72.79,81.64,0.000100
2026-02-07 01:18:50,2dcnn_lstm,2dcnn_lstm_mixup_v1_1000,151,3.2403,42.22,53.09,55.43,3.2330,40.70,72.56,81.71,0.000100
2026-02-07 01:28:41,2dcnn_lstm,2dcnn_lstm_mixup_v1_1000,152,3.2172,39.43,48.93,50.92,3.2232,41.70,72.65,81.28,0.000100
2026-02-07 01:38:31,2dcnn_lstm,2dcnn_lstm_mixup_v1_1000,153,3.2495,35.85,44.70,46.35,3.2180,41.75,72.79,81.33,0.000100
2026-02-07 01:48:22,2dcnn_lstm,2dcnn_lstm_mixup_v1_1000,154,3.1067,38.36,48.10,49.88,3.2552,40.61,72.51,81.16,0.000100
2026-02-07 01:58:13,2dcnn_lstm,2dcnn_lstm_mixup_v1_1000,155,3.1415,38.52,47.98,49.76,3.2317,41.44,72.91,81.52,0.000100
2026-02-07 02:08:03,2dcnn_lstm,2dcnn_lstm_mixup_v1_1000,156,3.2656,36.92,46.26,48.17,3.2523,40.96,72.58,81.16,0.000100
2026-02-07 02:17:54,2dcnn_lstm,2dcnn_lstm_mixup_v1_1000,157,3.1226,39.92,49.30,51.13,3.2214,41.58,72.96,81.24,0.000100
2026-02-07 02:27:47,2dcnn_lstm,2dcnn_lstm_mixup_v1_1000,158,3.1481,40.38,50.13,52.20,3.2115,41.46,73.13,81.88,0.000100
2026-02-07 02:37:37,2dcnn_lstm,2dcnn_lstm_mixup_v1_1000,159,3.3034,40.84,50.34,52.43,3.2073,42.06,73.15,81.64,0.000100
2026-02-07 02:47:29,2dcnn_lstm,2dcnn_lstm_mixup_v1_1000,160,3.1533,38.65,48.35,50.08,3.2147,41.23,72.87,81.86,0.000100
2026-02-07 02:57:19,2dcnn_lstm,2dcnn_lstm_mixup_v1_1000,161,3.1511,40.11,49.82,51.78,3.1943,42.82,73.30,82.21,0.000100
2026-02-07 03:07:08,2dcnn_lstm,2dcnn_lstm_mixup_v1_1000,162,3.2462,37.33,46.37,48.02,3.2095,42.44,73.34,81.86,0.000100
2026-02-07 03:16:58,2dcnn_lstm,2dcnn_lstm_mixup_v1_1000,163,3.0733,40.66,49.68,51.46,3.2209,41.44,73.01,81.50,0.000100
2026-02-07 03:26:48,2dcnn_lstm,2dcnn_lstm_mixup_v1_1000,164,3.0614,37.14,45.88,47.51,3.2058,41.37,73.41,81.83,0.000100
2026-02-07 03:36:36,2dcnn_lstm,2dcnn_lstm_mixup_v1_1000,165,3.1412,39.45,48.10,49.83,3.2146,41.39,73.27,81.33,0.000100
2026-02-07 03:46:27,2dcnn_lstm,2dcnn_lstm_mixup_v1_1000,166,3.1448,42.21,51.21,53.01,3.1892,42.78,73.99,81.90,0.000100
2026-02-07 03:56:17,2dcnn_lstm,2dcnn_lstm_mixup_v1_1000,167,3.0453,39.41,48.23,49.99,3.1913,42.20,73.61,82.14,0.000100
2026-02-07 04:06:07,2dcnn_lstm,2dcnn_lstm_mixup_v1_1000,168,3.1538,38.74,47.14,49.05,3.2070,41.82,73.20,81.88,0.000100
2026-02-07 04:15:56,2dcnn_lstm,2dcnn_lstm_mixup_v1_1000,169,3.0362,39.55,47.74,49.35,3.1888,42.32,73.89,82.00,0.000100
2026-02-07 04:25:48,2dcnn_lstm,2dcnn_lstm_mixup_v1_1000,170,3.0723,38.55,47.47,49.08,3.1874,42.30,73.32,82.45,0.000100
2026-02-07 04:35:36,2dcnn_lstm,2dcnn_lstm_mixup_v1_1000,171,3.2152,36.67,45.04,46.74,3.1882,42.75,73.46,81.81,0.000100
2026-02-07 04:45:24,2dcnn_lstm,2dcnn_lstm_mixup_v1_1000,172,3.1075,39.30,47.45,48.99,3.1968,41.65,73.80,82.09,0.000100
2026-02-07 04:55:15,2dcnn_lstm,2dcnn_lstm_mixup_v1_1000,173,3.1074,39.00,47.76,49.57,3.2225,42.13,72.70,81.59,0.000100
2026-02-07 05:05:04,2dcnn_lstm,2dcnn_lstm_mixup_v1_1000,174,3.1570,38.45,46.98,48.45,3.2220,41.25,73.25,81.83,0.000100
2026-02-07 05:14:55,2dcnn_lstm,2dcnn_lstm_mixup_v1_1000,175,3.0606,39.28,47.18,48.71,3.1776,42.42,73.49,82.69,0.000100
2026-02-07 05:24:45,2dcnn_lstm,2dcnn_lstm_mixup_v1_1000,176,2.9309,40.35,48.45,50.05,3.1850,42.51,73.32,82.21,0.000100
2026-02-07 05:34:37,2dcnn_lstm,2dcnn_lstm_mixup_v1_1000,177,3.2021,41.63,50.99,52.75,3.1882,42.04,73.77,82.14,0.000100
2026-02-07 05:44:27,2dcnn_lstm,2dcnn_lstm_mixup_v1_1000,178,3.0471,38.03,45.64,46.96,3.1849,42.49,73.30,82.45,0.000100
2026-02-07 05:54:17,2dcnn_lstm,2dcnn_lstm_mixup_v1_1000,179,2.9442,43.07,51.87,53.50,3.1699,42.61,73.87,82.45,0.000100
2026-02-07 06:04:16,2dcnn_lstm,2dcnn_lstm_mixup_v1_1000,180,3.0334,39.31,47.49,49.13,3.1848,42.32,73.37,82.31,0.000100
2026-02-07 06:14:07,2dcnn_lstm,2dcnn_lstm_mixup_v1_1000,181,3.0850,42.65,51.16,52.62,3.2082,41.80,74.25,82.21,0.000100
2026-02-07 06:23:58,2dcnn_lstm,2dcnn_lstm_mixup_v1_1000,182,2.9910,41.68,49.74,51.34,3.1939,42.80,73.25,82.21,0.000100
2026-02-07 06:33:50,2dcnn_lstm,2dcnn_lstm_mixup_v1_1000,183,3.0544,41.74,49.89,51.44,3.1972,41.99,72.87,81.93,0.000100
2026-02-07 06:43:40,2dcnn_lstm,2dcnn_lstm_mixup_v1_1000,184,3.0552,41.51,49.89,51.64,3.1664,43.06,73.53,82.47,0.000100
2026-02-07 06:53:30,2dcnn_lstm,2dcnn_lstm_mixup_v1_1000,185,3.1067,40.83,48.65,50.30,3.1869,42.56,74.06,82.12,0.000100
2026-02-07 07:03:21,2dcnn_lstm,2dcnn_lstm_mixup_v1_1000,186,3.0181,40.92,48.64,50.04,3.1842,42.51,73.58,82.50,0.000100
2026-02-07 07:13:21,2dcnn_lstm,2dcnn_lstm_mixup_v1_1000,187,3.0546,41.93,50.47,51.97,3.1642,43.11,74.49,82.64,0.000100
2026-02-07 07:23:19,2dcnn_lstm,2dcnn_lstm_mixup_v1_1000,188,3.0056,43.20,51.05,52.72,3.1904,42.39,73.82,81.74,0.000100
2026-02-07 07:33:41,2dcnn_lstm,2dcnn_lstm_mixup_v1_1000,189,2.9758,39.11,46.60,47.99,3.1681,42.20,74.20,82.62,0.000100
2026-02-07 07:43:42,2dcnn_lstm,2dcnn_lstm_mixup_v1_1000,190,3.0148,39.61,47.25,48.56,3.2252,42.58,72.82,81.62,0.000100
2026-02-07 07:53:36,2dcnn_lstm,2dcnn_lstm_mixup_v1_1000,191,2.9826,41.45,49.63,51.44,3.1573,42.97,74.87,82.55,0.000100
2026-02-07 08:03:53,2dcnn_lstm,2dcnn_lstm_mixup_v1_1000,192,3.1123,41.58,49.73,51.42,3.1708,43.13,73.92,82.59,0.000100
2026-02-07 08:13:54,2dcnn_lstm,2dcnn_lstm_mixup_v1_1000,193,2.9919,44.19,52.10,53.65,3.1803,43.25,73.39,82.02,0.000100
2026-02-07 08:23:51,2dcnn_lstm,2dcnn_lstm_mixup_v1_1000,194,2.9530,41.94,49.74,51.25,3.1739,42.73,73.77,82.40,0.000100
2026-02-07 08:33:50,2dcnn_lstm,2dcnn_lstm_mixup_v1_1000,195,3.1046,43.47,51.35,52.75,3.1665,43.06,74.30,82.93,0.000100
2026-02-07 08:43:45,2dcnn_lstm,2dcnn_lstm_mixup_v1_1000,196,3.0235,40.89,49.07,50.34,3.1540,43.44,73.75,82.88,0.000100
2026-02-07 08:53:45,2dcnn_lstm,2dcnn_lstm_mixup_v1_1000,197,3.0602,41.06,49.14,50.66,3.1590,43.25,74.39,83.17,0.000100
2026-02-07 09:03:39,2dcnn_lstm,2dcnn_lstm_mixup_v1_1000,198,2.8925,41.38,48.21,49.39,3.1503,43.68,74.51,82.86,0.000100
2026-02-07 09:13:32,2dcnn_lstm,2dcnn_lstm_mixup_v1_1000,199,2.9773,42.69,50.75,52.28,3.2208,42.13,73.39,81.81,0.000100
2026-02-07 09:23:23,2dcnn_lstm,2dcnn_lstm_mixup_v1_1000,200,2.9012,43.78,51.57,53.14,3.1731,42.47,74.08,82.98,0.000100
2026-02-07 09:33:17,2dcnn_lstm,2dcnn_lstm_mixup_v1_1000,201,2.9423,41.87,48.98,50.33,3.2029,42.47,73.84,82.05,0.000100
2026-02-07 09:43:11,2dcnn_lstm,2dcnn_lstm_mixup_v1_1000,202,2.8958,39.07,45.58,46.89,3.1588,43.16,74.25,82.67,0.000100
2026-02-07 09:53:04,2dcnn_lstm,2dcnn_lstm_mixup_v1_1000,203,2.9703,42.03,48.99,50.30,3.1811,42.66,73.72,82.71,0.000100
2026-02-07 10:02:57,2dcnn_lstm,2dcnn_lstm_mixup_v1_1000,204,3.0039,42.40,49.69,51.06,3.1593,43.20,74.11,82.52,0.000100
2026-02-07 10:12:53,2dcnn_lstm,2dcnn_lstm_mixup_v1_1000,205,2.9898,43.39,50.13,51.51,3.1855,42.75,73.72,82.36,0.000100
2026-02-07 10:22:47,2dcnn_lstm,2dcnn_lstm_mixup_v1_1000,206,3.0041,40.83,48.72,50.15,3.1448,43.71,74.94,82.93,0.000100
2026-02-07 10:32:41,2dcnn_lstm,2dcnn_lstm_mixup_v1_1000,207,2.8504,41.46,47.90,49.20,3.1391,43.85,74.54,83.36,0.000100
2026-02-07 10:42:37,2dcnn_lstm,2dcnn_lstm_mixup_v1_1000,208,2.8720,43.67,50.77,52.01,3.1315,44.23,74.58,83.52,0.000100
2026-02-07 10:52:32,2dcnn_lstm,2dcnn_lstm_mixup_v1_1000,209,2.8705,44.42,51.02,52.28,3.1632,43.40,74.06,82.78,0.000100
2026-02-07 11:02:26,2dcnn_lstm,2dcnn_lstm_mixup_v1_1000,210,2.9749,41.22,48.78,50.08,3.1487,44.23,74.68,82.86,0.000100
2026-02-07 11:12:23,2dcnn_lstm,2dcnn_lstm_mixup_v1_1000,211,2.8322,45.25,52.16,53.33,3.1661,42.47,74.03,82.74,0.000100
2026-02-07 11:22:14,2dcnn_lstm,2dcnn_lstm_mixup_v1_1000,212,2.8488,43.18,49.82,51.24,3.1446,43.30,74.70,83.09,0.000100
2026-02-07 11:32:07,2dcnn_lstm,2dcnn_lstm_mixup_v1_1000,213,2.9736,42.78,49.64,50.97,3.1173,43.68,75.06,83.45,0.000100
2026-02-07 11:41:58,2dcnn_lstm,2dcnn_lstm_mixup_v1_1000,214,2.9223,44.61,51.53,52.71,3.1347,44.25,74.70,83.14,0.000100
2026-02-07 11:51:52,2dcnn_lstm,2dcnn_lstm_mixup_v1_1000,215,2.8988,44.06,50.95,52.38,3.1615,42.89,74.13,82.78,0.000100
2026-02-07 12:01:44,2dcnn_lstm,2dcnn_lstm_mixup_v1_1000,216,2.9592,43.98,50.86,51.95,3.1186,44.02,75.20,83.67,0.000100
2026-02-07 12:11:37,2dcnn_lstm,2dcnn_lstm_mixup_v1_1000,217,2.8595,44.41,51.11,52.50,3.1163,44.37,75.11,83.48,0.000100
2026-02-07 12:21:32,2dcnn_lstm,2dcnn_lstm_mixup_v1_1000,218,2.8920,44.31,50.86,52.02,3.1116,44.13,75.01,83.64,0.000100
2026-02-07 12:31:26,2dcnn_lstm,2dcnn_lstm_mixup_v1_1000,219,2.8502,41.77,48.50,49.57,3.1109,44.23,75.01,83.12,0.000100
2026-02-07 12:40:43,2dcnn_lstm,2dcnn_lstm_mixup_v1_1000,220,2.9320,44.44,51.09,52.33,3.1314,44.02,74.75,83.02,0.000100
2026-02-07 12:50:18,2dcnn_lstm,2dcnn_lstm_mixup_v1_1000,221,2.8417,42.43,48.60,49.64,3.1156,44.37,74.96,83.24,0.000100
2026-02-07 12:59:29,2dcnn_lstm,2dcnn_lstm_mixup_v1_1000,222,2.8386,44.87,51.49,52.76,3.1119,44.02,75.15,83.69,0.000100
2026-02-07 13:08:40,2dcnn_lstm,2dcnn_lstm_mixup_v1_1000,223,2.8475,41.84,48.01,49.25,3.1219,43.66,75.18,84.02,0.000100
2026-02-07 13:18:15,2dcnn_lstm,2dcnn_lstm_mixup_v1_1000,224,2.9074,45.04,51.36,52.69,3.1194,44.49,74.94,83.24,0.000100
2026-02-07 13:27:36,2dcnn_lstm,2dcnn_lstm_mixup_v1_1000,225,2.8579,44.77,51.48,52.75,3.1050,44.92,75.42,83.40,0.000100
2026-02-07 13:59:12,2dcnn_lstm,2dcnn_lstm_mixup_v1_1000,226,2.9199,46.93,54.08,55.58,3.1561,43.25,75.13,82.95,0.000100
2026-02-07 14:04:32,2dcnn_lstm,2dcnn_lstm_mixup_v1_1000,227,2.8420,44.58,51.01,52.10,3.1585,44.13,74.34,83.00,0.000100
2026-02-07 14:17:44,2dcnn_lstm,2dcnn_lstm_mixup_v1_1000,228,2.9175,42.16,48.42,49.70,3.1473,43.56,75.01,83.09,0.000100
2026-02-07 14:23:15,2dcnn_lstm,2dcnn_lstm_mixup_v1_1000,229,2.8519,44.29,50.07,51.33,3.1679,44.18,74.37,82.59,0.000100
2026-02-07 14:28:44,2dcnn_lstm,2dcnn_lstm_mixup_v1_1000,230,2.8331,42.82,49.07,50.34,3.1324,44.56,75.25,83.48,0.000100
2026-02-07 14:36:54,2dcnn_lstm,2dcnn_lstm_mixup_v1_1000,231,2.9062,45.77,51.87,53.02,3.1450,43.56,75.13,83.38,0.000100
2026-02-07 14:44:53,2dcnn_lstm,2dcnn_lstm_mixup_v1_1000,232,2.8610,43.04,49.15,50.18,3.1813,43.40,74.11,82.33,0.000100
2026-02-07 14:52:36,2dcnn_lstm,2dcnn_lstm_mixup_v1_1000,233,2.8645,42.34,47.94,48.93,3.1149,44.64,75.35,83.69,0.000100
2026-02-07 14:59:59,2dcnn_lstm,2dcnn_lstm_mixup_v1_1000,234,2.9296,40.93,47.11,48.51,3.1664,43.25,75.25,82.86,0.000100
2026-02-07 15:07:23,2dcnn_lstm,2dcnn_lstm_mixup_v1_1000,235,2.8542,42.61,48.97,50.17,3.1311,44.37,75.15,83.43,0.000100
2026-02-07 15:14:48,2dcnn_lstm,2dcnn_lstm_mixup_v1_1000,236,2.9183,47.90,54.54,55.50,3.1313,43.87,75.25,83.40,0.000100
2026-02-07 15:22:11,2dcnn_lstm,2dcnn_lstm_mixup_v1_1000,237,2.9127,46.06,52.55,53.79,3.1393,43.75,74.96,83.69,0.000100
2026-02-07 15:29:34,2dcnn_lstm,2dcnn_lstm_mixup_v1_1000,238,2.9213,42.31,47.94,49.25,3.1594,43.51,74.68,83.00,0.000100
2026-02-07 15:36:58,2dcnn_lstm,2dcnn_lstm_mixup_v1_1000,239,2.9163,43.52,49.46,50.85,3.1770,42.92,73.96,83.21,0.000100
2026-02-07 15:44:22,2dcnn_lstm,2dcnn_lstm_mixup_v1_1000,240,2.8850,45.53,51.70,53.07,3.1155,43.94,75.54,83.60,0.000100
2026-02-07 15:52:54,2dcnn_lstm,2dcnn_lstm_mixup_v1_1000,241,2.7792,44.28,50.30,51.32,3.1209,44.02,75.35,83.50,0.000100
2026-02-07 16:08:15,2dcnn_lstm,2dcnn_lstm_mixup_v1_1000,242,2.9234,46.25,52.59,53.68,3.1186,44.06,75.58,83.76,0.000100
2026-02-07 16:15:19,2dcnn_lstm,2dcnn_lstm_mixup_v1_1000,243,2.9830,40.61,46.30,47.80,3.1639,43.37,74.11,83.19,0.000100
2026-02-07 16:22:19,2dcnn_lstm,2dcnn_lstm_mixup_v1_1000,244,2.8313,43.75,49.66,50.91,3.1843,43.40,73.92,82.64,0.000100
2026-02-07 16:29:20,2dcnn_lstm,2dcnn_lstm_mixup_v1_1000,245,2.9929,43.32,49.79,51.11,3.1464,44.42,74.87,83.48,0.000100
2026-02-07 16:36:14,2dcnn_lstm,2dcnn_lstm_mixup_v1_1000,246,2.8529,43.24,49.06,50.15,3.1884,43.40,74.13,82.57,0.000010
2026-02-07 16:43:07,2dcnn_lstm,2dcnn_lstm_mixup_v1_1000,247,2.7657,46.26,51.62,52.65,3.1211,44.59,75.66,83.93,0.000010
2026-02-07 16:50:02,2dcnn_lstm,2dcnn_lstm_mixup_v1_1000,248,2.7147,43.27,48.01,49.07,3.0912,45.18,75.94,84.31,0.000010
2026-02-07 16:56:56,2dcnn_lstm,2dcnn_lstm_mixup_v1_1000,249,2.7410,46.16,51.70,52.77,3.0918,45.16,75.87,83.88,0.000010
2026-02-07 17:03:50,2dcnn_lstm,2dcnn_lstm_mixup_v1_1000,250,2.7582,47.41,52.11,53.04,3.1165,44.02,75.99,84.00,0.000010
2026-02-07 17:10:45,2dcnn_lstm,2dcnn_lstm_mixup_v1_1000,251,2.7726,44.54,49.76,50.92,3.0684,46.04,75.94,84.38,0.000010
2026-02-07 17:17:40,2dcnn_lstm,2dcnn_lstm_mixup_v1_1000,252,2.7399,45.98,51.23,52.23,3.0681,45.83,76.23,84.19,0.000010
2026-02-07 17:24:35,2dcnn_lstm,2dcnn_lstm_mixup_v1_1000,253,2.8151,46.52,51.63,52.61,3.0868,45.66,75.82,84.10,0.000010
2026-02-07 17:31:29,2dcnn_lstm,2dcnn_lstm_mixup_v1_1000,254,2.7362,45.02,49.77,50.91,3.0967,44.83,75.99,83.98,0.000010
2026-02-07 17:38:24,2dcnn_lstm,2dcnn_lstm_mixup_v1_1000,255,2.7752,46.04,50.77,51.69,3.0515,45.88,76.80,84.55,0.000010
2026-02-07 17:45:19,2dcnn_lstm,2dcnn_lstm_mixup_v1_1000,256,2.7492,45.64,50.18,51.25,3.0585,46.26,76.42,84.62,0.000010
2026-02-07 17:52:13,2dcnn_lstm,2dcnn_lstm_mixup_v1_1000,257,2.7707,44.25,48.54,49.68,3.0938,45.14,75.89,84.07,0.000010
2026-02-07 17:59:12,2dcnn_lstm,2dcnn_lstm_mixup_v1_1000,258,2.8304,48.42,53.61,54.76,3.0660,45.90,76.54,84.55,0.000010
2026-02-07 18:06:06,2dcnn_lstm,2dcnn_lstm_mixup_v1_1000,259,2.7270,44.11,48.76,49.74,3.1602,43.80,74.77,82.76,0.000010
2026-02-07 18:13:00,2dcnn_lstm,2dcnn_lstm_mixup_v1_1000,260,2.7867,47.11,51.69,52.75,3.0504,46.47,76.82,84.57,0.000010
2026-02-07 18:19:53,2dcnn_lstm,2dcnn_lstm_mixup_v1_1000,261,2.7840,49.21,54.32,55.29,3.0682,45.92,76.97,84.50,0.000010
2026-02-07 18:26:46,2dcnn_lstm,2dcnn_lstm_mixup_v1_1000,262,2.7212,46.22,50.41,51.41,3.0827,45.73,76.16,84.10,0.000010
2026-02-07 18:33:39,2dcnn_lstm,2dcnn_lstm_mixup_v1_1000,263,2.8243,47.31,52.27,53.20,3.0428,46.21,76.82,85.17,0.000010
2026-02-07 18:40:32,2dcnn_lstm,2dcnn_lstm_mixup_v1_1000,264,2.8542,44.24,48.69,49.74,3.0597,46.04,76.63,84.43,0.000010
2026-02-07 18:47:25,2dcnn_lstm,2dcnn_lstm_mixup_v1_1000,265,2.8071,48.06,52.65,53.60,3.0619,45.57,76.70,84.72,0.000010
2026-02-07 18:54:20,2dcnn_lstm,2dcnn_lstm_mixup_v1_1000,266,2.8115,46.44,51.29,52.48,3.0798,45.21,75.97,84.22,0.000010
2026-02-07 19:01:15,2dcnn_lstm,2dcnn_lstm_mixup_v1_1000,267,2.6596,48.55,52.85,53.75,3.0568,46.23,77.04,84.93,0.000010
2026-02-07 19:08:08,2dcnn_lstm,2dcnn_lstm_mixup_v1_1000,268,2.7005,45.87,50.44,51.34,3.1202,44.64,75.56,83.67,0.000010
2026-02-07 19:15:03,2dcnn_lstm,2dcnn_lstm_mixup_v1_1000,269,2.8358,48.29,53.21,54.18,3.0645,45.28,76.94,84.50,0.000010
2026-02-07 19:21:57,2dcnn_lstm,2dcnn_lstm_mixup_v1_1000,270,2.7268,48.84,53.12,54.23,3.0489,45.71,77.13,85.31,0.000010
2026-02-07 19:28:55,2dcnn_lstm,2dcnn_lstm_mixup_v1_1000,271,2.7059,44.22,48.64,49.68,3.0649,45.95,76.73,84.29,0.000010
2026-02-07 19:35:13,2dcnn_lstm,2dcnn_lstm_mixup_v1_1000,272,2.6456,45.40,49.15,49.84,3.0980,45.37,76.11,83.88,0.000010
2026-02-07 19:44:41,2dcnn_lstm,2dcnn_lstm_mixup_v1_1000,273,2.7524,45.49,50.25,51.33,3.0524,46.11,76.94,84.86,0.000010
2026-02-07 19:55:49,2dcnn_lstm,2dcnn_lstm_mixup_v1_1000,274,2.7608,43.71,48.06,49.16,3.0915,44.66,76.11,84.14,0.000010
2026-02-07 20:02:39,2dcnn_lstm,2dcnn_lstm_mixup_v1_1000,275,2.8239,42.94,47.02,48.13,3.0646,45.68,76.68,84.64,0.000010
2026-02-07 20:08:47,2dcnn_lstm,2dcnn_lstm_mixup_v1_1000,276,2.7494,47.15,51.48,52.58,3.0538,45.95,76.75,84.67,0.000001
2026-02-07 20:14:59,2dcnn_lstm,2dcnn_lstm_mixup_v1_1000,277,2.7455,46.26,50.58,51.63,3.0547,45.76,77.04,84.43,0.000001
2026-02-07 20:23:44,2dcnn_lstm,2dcnn_lstm_mixup_v1_1000,278,2.9274,42.46,47.48,48.86,3.0451,46.11,76.47,84.86,0.000001
2026-02-07 21:05:26,r3d_18,r3d_18_mixup_v1_1000,112,2.9162,39.34,49.77,52.01,2.5991,50.33,80.35,87.79,0.000100
2026-02-07 21:18:36,r3d_18,r3d_18_mixup_v1_1000,113,2.8525,41.28,50.82,52.79,2.5935,51.60,80.59,87.67,0.000100
2026-02-07 21:32:39,r3d_18,r3d_18_mixup_v1_1000,114,2.8084,41.91,51.51,53.83,2.6341,51.50,80.59,87.51,0.000100
2026-02-07 21:45:13,r3d_18,r3d_18_mixup_v1_1000,115,2.7464,39.11,47.68,49.76,2.6145,51.72,81.12,88.05,0.000100
2026-02-07 21:57:46,r3d_18,r3d_18_mixup_v1_1000,116,2.8088,42.25,51.68,53.94,2.5255,52.72,81.81,88.46,0.000100
2026-02-07 22:11:25,r3d_18,r3d_18_mixup_v1_1000,117,2.7642,40.35,49.27,51.26,2.5727,51.14,81.35,88.32,0.000100
2026-02-07 22:24:36,r3d_18,r3d_18_mixup_v1_1000,118,2.8188,42.26,51.88,54.15,2.6546,50.76,80.81,87.63,0.000100
2026-02-07 22:37:41,r3d_18,r3d_18_mixup_v1_1000,119,2.7665,42.55,51.91,54.07,2.5327,52.31,82.05,88.56,0.000100
2026-02-07 22:51:35,r3d_18,r3d_18_mixup_v1_1000,120,2.6876,40.64,49.20,51.16,2.4912,53.53,82.26,88.51,0.000100
2026-02-07 23:05:20,r3d_18,r3d_18_mixup_v1_1000,121,2.6941,41.86,50.64,52.63,2.5138,53.08,82.55,88.63,0.000100
2026-02-07 23:18:15,r3d_18,r3d_18_mixup_v1_1000,122,2.6735,42.43,50.85,53.01,2.5107,53.08,82.64,89.01,0.000100
2026-02-07 23:30:42,r3d_18,r3d_18_mixup_v1_1000,123,2.7147,43.88,52.84,54.68,2.4897,53.31,82.19,88.67,0.000100
2026-02-07 23:43:07,r3d_18,r3d_18_mixup_v1_1000,124,2.6122,42.92,50.72,52.26,2.5833,51.12,81.28,87.34,0.000100
2026-02-07 23:54:58,r3d_18,r3d_18_mixup_v1_1000,125,2.7123,43.01,52.24,54.56,2.4893,52.86,82.52,89.06,0.000100
2026-02-08 00:07:17,r3d_18,r3d_18_mixup_v1_1000,126,2.6240,44.59,52.90,54.77,2.4802,53.91,82.83,88.96,0.000100
2026-02-08 00:19:44,r3d_18,r3d_18_mixup_v1_1000,127,2.5841,43.87,52.36,54.22,2.4527,54.89,82.93,88.91,0.000100
2026-02-08 00:32:10,r3d_18,r3d_18_mixup_v1_1000,128,2.5974,45.43,53.61,55.66,2.4753,54.89,82.86,89.13,0.000100
2026-02-08 00:44:37,r3d_18,r3d_18_mixup_v1_1000,129,2.6277,46.54,55.05,57.30,2.4976,53.77,82.64,88.82,0.000100
2026-02-08 00:57:03,r3d_18,r3d_18_mixup_v1_1000,130,2.5072,42.42,50.23,52.36,2.4536,53.31,82.86,89.22,0.000100
2026-02-08 01:09:30,r3d_18,r3d_18_mixup_v1_1000,131,2.5489,44.47,52.34,54.39,2.4624,54.36,82.64,89.58,0.000100
2026-02-08 01:21:57,r3d_18,r3d_18_mixup_v1_1000,132,2.5481,42.91,50.73,52.48,2.5389,53.00,81.83,88.44,0.000100
2026-02-08 01:34:24,r3d_18,r3d_18_mixup_v1_1000,133,2.5313,46.50,54.33,56.19,2.5007,53.51,82.36,88.25,0.000100
2026-02-08 01:46:51,r3d_18,r3d_18_mixup_v1_1000,134,2.4550,45.46,53.41,55.14,2.4546,54.43,83.09,89.20,0.000100
2026-02-08 01:59:18,r3d_18,r3d_18_mixup_v1_1000,135,2.4581,44.30,51.61,53.44,2.4635,53.93,83.02,88.98,0.000100
2026-02-08 02:11:46,r3d_18,r3d_18_mixup_v1_1000,136,2.5455,44.96,52.84,54.96,2.4806,54.36,82.43,88.79,0.000100
2026-02-08 02:24:13,r3d_18,r3d_18_mixup_v1_1000,137,2.4454,44.69,51.84,53.55,2.4626,54.24,83.24,89.29,0.000100
2026-02-08 02:36:40,r3d_18,r3d_18_mixup_v1_1000,138,2.4568,45.02,52.72,54.61,2.4605,54.36,83.69,89.72,0.000100
2026-02-08 02:49:07,r3d_18,r3d_18_mixup_v1_1000,139,2.4214,46.26,53.95,55.81,2.4540,54.79,83.43,89.22,0.000100
2026-02-08 03:01:34,r3d_18,r3d_18_mixup_v1_1000,140,2.4151,46.33,53.46,55.22,2.4237,55.03,83.88,89.82,0.000100
2026-02-08 03:14:02,r3d_18,r3d_18_mixup_v1_1000,141,2.4767,45.86,53.40,55.64,2.4799,54.20,82.86,89.20,0.000100
2026-02-08 03:26:30,r3d_18,r3d_18_mixup_v1_1000,142,2.4390,47.77,55.26,57.11,2.4360,55.63,83.17,89.53,0.000100
2026-02-08 03:38:57,r3d_18,r3d_18_mixup_v1_1000,143,2.4174,47.93,54.87,56.97,2.4724,54.15,82.83,89.08,0.000100
2026-02-08 03:51:24,r3d_18,r3d_18_mixup_v1_1000,144,2.3703,48.78,56.01,58.08,2.4227,55.44,84.19,89.68,0.000100
2026-02-08 04:03:52,r3d_18,r3d_18_mixup_v1_1000,145,2.3320,46.78,53.64,55.58,2.4372,55.46,83.26,89.51,0.000100
2026-02-08 04:16:19,r3d_18,r3d_18_mixup_v1_1000,146,2.4218,47.25,54.63,56.61,2.4259,54.77,83.21,89.34,0.000100
2026-02-08 04:28:47,r3d_18,r3d_18_mixup_v1_1000,147,2.3534,45.45,52.45,54.27,2.4436,55.58,83.83,88.94,0.000100
2026-02-08 04:41:14,r3d_18,r3d_18_mixup_v1_1000,148,2.3788,46.75,53.98,56.05,2.4330,55.15,83.69,89.39,0.000100
2026-02-08 04:53:42,r3d_18,r3d_18_mixup_v1_1000,149,2.3431,48.10,54.57,56.48,2.4616,55.08,83.31,89.75,0.000100
2026-02-08 05:06:10,r3d_18,r3d_18_mixup_v1_1000,150,2.3343,46.12,53.45,55.26,2.4565,55.27,83.09,89.72,0.000100
2026-02-08 05:18:41,r3d_18,r3d_18_mixup_v1_1000,151,2.3012,47.04,54.14,56.21,2.5039,54.67,82.69,89.01,0.000100
2026-02-08 05:31:08,r3d_18,r3d_18_mixup_v1_1000,152,2.3336,46.88,53.33,55.45,2.4990,55.17,82.88,88.94,0.000100
2026-02-08 05:43:36,r3d_18,r3d_18_mixup_v1_1000,153,2.3406,46.72,53.89,56.24,2.5325,54.60,83.07,88.53,0.000100
2026-02-08 05:56:05,r3d_18,r3d_18_mixup_v1_1000,154,2.2711,47.96,54.57,56.59,2.4503,54.70,83.52,89.37,0.000100
2026-02-08 06:08:33,r3d_18,r3d_18_mixup_v1_1000,155,2.3165,50.32,57.35,59.23,2.4480,54.96,83.64,89.32,0.000100
2026-02-08 06:20:59,r3d_18,r3d_18_mixup_v1_1000,156,2.2795,46.28,53.61,55.40,2.4681,54.15,82.86,88.79,0.000100
2026-02-08 06:33:33,r3d_18,r3d_18_mixup_v1_1000,157,2.3161,47.40,54.60,56.33,2.4987,54.70,83.24,88.98,0.000100
2026-02-08 06:46:08,r3d_18,r3d_18_mixup_v1_1000,158,2.3940,46.71,53.95,56.34,2.4537,55.89,83.62,89.39,0.000100
2026-02-08 06:58:36,r3d_18,r3d_18_mixup_v1_1000,159,2.3302,47.38,54.68,56.67,2.5028,54.94,83.48,89.32,0.000100
2026-02-08 07:11:04,r3d_18,r3d_18_mixup_v1_1000,160,2.2887,51.85,59.03,60.89,2.4799,54.43,83.52,89.13,0.000100
2026-02-08 07:23:41,r3d_18,r3d_18_mixup_v1_1000,161,2.3214,51.11,58.33,60.44,2.5130,55.15,82.67,88.77,0.000100
2026-02-08 07:40:40,r3d_18,r3d_18_mixup_v1_1000,159,2.3178,47.57,54.32,56.49,2.4034,56.01,84.26,90.01,0.000050
2026-02-08 07:53:06,r3d_18,r3d_18_mixup_v1_1000,160,2.1657,49.18,55.71,57.69,2.4094,56.58,83.50,89.48,0.000050
2026-02-08 08:04:59,r3d_18,r3d_18_mixup_v1_1000,161,2.2452,47.55,54.26,56.01,2.4013,56.80,84.48,90.20,0.000050
2026-02-08 08:17:01,r3d_18,r3d_18_mixup_v1_1000,162,2.1668,49.31,56.22,58.16,2.4206,56.84,84.10,89.58,0.000050
2026-02-08 08:29:28,r3d_18,r3d_18_mixup_v1_1000,163,2.1587,47.28,53.78,56.09,2.3897,56.89,84.72,89.82,0.000050
2026-02-08 08:41:56,r3d_18,r3d_18_mixup_v1_1000,164,2.2319,47.11,54.23,56.22,2.4463,56.34,83.86,89.75,0.000050
2026-02-08 08:54:23,r3d_18,r3d_18_mixup_v1_1000,165,2.1945,50.18,57.77,59.96,2.4020,56.27,84.69,90.08,0.000050
2026-02-08 09:06:32,r3d_18,r3d_18_mixup_v1_1000,166,2.1157,50.31,56.79,58.69,2.4300,56.06,84.07,89.48,0.000050
2026-02-08 09:18:23,r3d_18,r3d_18_mixup_v1_1000,167,2.1605,50.69,56.97,59.07,2.4170,56.60,84.36,90.34,0.000050
2026-02-08 09:30:22,r3d_18,r3d_18_mixup_v1_1000,168,2.1730,47.55,54.56,56.70,2.3981,56.75,84.88,89.91,0.000050
2026-02-08 09:42:48,r3d_18,r3d_18_mixup_v1_1000,169,2.1601,50.03,56.79,59.40,2.4124,56.49,84.48,89.82,0.000050
2026-02-08 09:55:06,r3d_18,r3d_18_mixup_v1_1000,170,2.1364,50.42,56.68,58.62,2.3969,56.94,84.76,90.08,0.000050
2026-02-08 10:07:07,r3d_18,r3d_18_mixup_v1_1000,171,2.1906,48.67,55.80,58.05,2.4014,56.96,84.33,89.84,0.000050
2026-02-08 10:19:14,r3d_18,r3d_18_mixup_v1_1000,172,2.1395,48.67,55.37,57.39,2.4367,56.41,84.81,89.82,0.000050
2026-02-08 10:31:30,r3d_18,r3d_18_mixup_v1_1000,173,2.1254,50.67,57.67,59.80,2.3865,57.25,84.79,90.51,0.000050
2026-02-08 10:43:52,r3d_18,r3d_18_mixup_v1_1000,174,2.1548,49.21,55.88,57.91,2.4570,56.27,84.12,89.65,0.000050
2026-02-08 10:56:12,r3d_18,r3d_18_mixup_v1_1000,175,2.1472,49.93,56.89,58.96,2.3698,57.92,85.15,90.53,0.000050
2026-02-08 11:08:16,r3d_18,r3d_18_mixup_v1_1000,176,2.1481,51.14,57.89,59.89,2.4400,57.11,84.19,89.70,0.000050
2026-02-08 11:20:28,r3d_18,r3d_18_mixup_v1_1000,177,2.2239,47.93,55.70,58.15,2.4022,57.22,84.53,90.32,0.000050
2026-02-08 11:32:58,r3d_18,r3d_18_mixup_v1_1000,178,2.1424,49.27,55.93,57.90,2.3787,57.06,85.15,90.46,0.000050
2026-02-08 11:45:21,r3d_18,r3d_18_mixup_v1_1000,179,2.0779,51.82,58.91,61.04,2.4257,57.01,84.26,89.77,0.000050
2026-02-08 11:57:47,r3d_18,r3d_18_mixup_v1_1000,180,2.1083,48.97,56.00,57.91,2.4002,57.56,84.84,89.99,0.000050
2026-02-08 12:10:10,r3d_18,r3d_18_mixup_v1_1000,181,2.1258,49.14,56.25,58.48,2.4306,56.68,84.43,89.79,0.000050
2026-02-08 12:22:25,r3d_18,r3d_18_mixup_v1_1000,182,2.1092,49.26,56.86,58.77,2.3996,57.49,85.05,90.10,0.000050
2026-02-08 12:34:40,r3d_18,r3d_18_mixup_v1_1000,183,2.1127,51.02,58.45,60.57,2.4050,57.01,84.98,90.72,0.000050
2026-02-08 12:47:00,r3d_18,r3d_18_mixup_v1_1000,184,2.1097,49.45,56.10,58.38,2.4250,56.46,84.79,90.01,0.000050
2026-02-08 12:59:19,r3d_18,r3d_18_mixup_v1_1000,185,2.0906,50.27,56.81,59.04,2.4170,57.06,84.91,89.82,0.000050
2026-02-08 13:11:39,r3d_18,r3d_18_mixup_v1_1000,186,2.0877,51.18,58.33,60.90,2.4381,56.70,84.22,89.79,0.000050
2026-02-08 13:23:54,r3d_18,r3d_18_mixup_v1_1000,187,2.0626,52.45,59.28,61.07,2.4156,57.42,84.48,90.18,0.000050
2026-02-08 13:36:12,r3d_18,r3d_18_mixup_v1_1000,188,2.0478,49.46,56.36,58.43,2.3839,57.22,84.76,90.32,0.000025
2026-02-08 13:48:32,r3d_18,r3d_18_mixup_v1_1000,189,2.1053,50.17,57.41,59.98,2.4078,56.27,84.76,90.30,0.000025
2026-02-08 14:00:51,r3d_18,r3d_18_mixup_v1_1000,190,2.0761,46.84,54.14,56.54,2.3967,58.11,84.93,90.75,0.000025
2026-02-08 14:13:08,r3d_18,r3d_18_mixup_v1_1000,191,2.0175,52.76,59.81,61.86,2.4365,57.32,84.45,90.13,0.000025
2026-02-08 14:25:25,r3d_18,r3d_18_mixup_v1_1000,192,2.0185,52.57,59.51,61.58,2.4191,57.22,85.05,90.13,0.000025
2026-02-08 14:37:42,r3d_18,r3d_18_mixup_v1_1000,193,1.9960,48.09,55.61,57.75,2.4006,57.46,85.12,90.34,0.000025
2026-02-08 14:50:04,r3d_18,r3d_18_mixup_v1_1000,194,2.0590,53.04,59.99,62.29,2.3796,57.92,85.24,90.89,0.000025
2026-02-08 15:58:36,r3d_attention,r3d_attention_1000,1,3.8825,34.44,61.90,72.08,4.0628,30.28,58.85,70.89,0.000021
2026-02-08 16:15:09,r3d_attention,r3d_attention_1000,2,3.3792,44.22,74.03,83.05,3.8977,32.76,61.68,73.01,0.000041
2026-02-08 16:29:57,r3d_attention,r3d_attention_1000,3,3.2031,49.67,78.70,86.52,3.8213,33.76,63.69,73.87,0.000060
2026-02-08 16:39:17,r3d_attention,r3d_attention_1000,4,3.1014,52.68,81.00,88.47,3.7971,34.22,63.69,74.37,0.000080
2026-02-08 16:49:30,r3d_attention,r3d_attention_1000,5,3.0417,54.28,82.53,89.68,3.7890,34.50,64.02,74.65,0.000100
2026-02-08 16:59:21,r3d_attention,r3d_attention_1000,6,2.9564,57.37,85.30,91.19,3.7367,36.03,65.98,75.85,0.000100
2026-02-08 17:08:38,r3d_attention,r3d_attention_1000,7,2.9078,58.67,85.85,91.87,3.6931,35.96,65.78,76.28,0.000100
2026-02-08 17:18:19,r3d_attention,r3d_attention_1000,8,2.8513,60.80,87.22,92.84,3.6867,37.08,66.81,76.63,0.000100
2026-02-08 17:27:48,r3d_attention,r3d_attention_1000,9,2.8052,62.05,88.69,93.45,3.6407,38.10,67.38,77.23,0.000100
2026-02-08 17:37:07,r3d_attention,r3d_attention_1000,10,2.7521,63.33,88.83,94.04,3.6385,38.03,67.62,77.52,0.000100
2026-02-08 17:46:24,r3d_attention,r3d_attention_1000,11,2.7184,64.79,89.95,94.98,3.6364,37.24,67.45,77.28,0.000100
2026-02-08 17:55:41,r3d_attention,r3d_attention_1000,12,2.6900,66.16,90.58,95.03,3.6181,38.08,68.53,77.73,0.000100
2026-02-08 18:05:02,r3d_attention,r3d_attention_1000,13,2.6647,66.74,91.29,95.59,3.6047,39.18,68.29,77.99,0.000100
2026-02-08 18:14:19,r3d_attention,r3d_attention_1000,14,2.6544,66.79,91.14,95.59,3.5666,38.79,69.50,78.61,0.000100
2026-02-08 18:23:36,r3d_attention,r3d_attention_1000,15,2.5950,69.25,92.40,96.35,3.5927,39.08,68.48,77.54,0.000100
2026-02-08 18:32:53,r3d_attention,r3d_attention_1000,16,2.5743,69.77,92.44,95.98,3.6057,38.63,68.45,77.92,0.000100
2026-02-08 18:42:23,r3d_attention,r3d_attention_1000,17,2.5385,71.13,93.51,96.78,3.5511,39.79,69.05,78.02,0.000100
2026-02-08 18:57:44,r3d_attention,r3d_attention_1000,18,2.5217,71.45,93.53,97.00,3.5361,39.58,69.79,78.92,0.000100
2026-02-08 19:10:17,r3d_attention,r3d_attention_1000,19,2.4942,73.00,93.74,97.05,3.5113,40.10,69.98,79.28,0.000100
2026-02-08 19:26:45,r3d_attention,r3d_attention_1000,20,2.4689,73.28,94.55,97.38,3.5358,39.96,69.98,78.95,0.000100
2026-02-08 19:46:11,r3d_attention,r3d_attention_1000,21,2.4457,74.07,94.43,97.44,3.5311,40.06,69.79,79.40,0.000100
2026-02-08 19:58:01,r3d_attention,r3d_attention_1000,22,2.4235,74.84,95.08,97.74,3.5628,39.01,69.29,78.25,0.000100
2026-02-08 20:09:26,r3d_attention,r3d_attention_1000,23,2.3832,76.35,95.68,97.94,3.4806,41.56,70.70,79.73,0.000100
2026-02-08 20:20:15,r3d_attention,r3d_attention_1000,24,2.3807,76.41,95.95,98.04,3.5224,40.27,69.86,79.11,0.000100
2026-02-08 20:31:32,r3d_attention,r3d_attention_1000,25,2.3486,77.72,95.71,98.06,3.4931,40.92,71.03,79.40,0.000100
2026-02-08 20:42:34,r3d_attention,r3d_attention_1000,26,2.3161,78.65,96.48,98.41,3.4885,40.70,70.86,79.30,0.000100
2026-02-08 20:53:13,r3d_attention,r3d_attention_1000,27,2.3004,79.27,96.39,98.33,3.4741,41.49,70.72,79.52,0.000100
2026-02-08 21:04:45,r3d_attention,r3d_attention_1000,28,2.2762,80.26,96.69,98.61,3.5062,41.03,70.34,79.57,0.000100
2026-02-08 21:15:27,r3d_attention,r3d_attention_1000,29,2.2681,80.47,96.97,98.62,3.4422,42.35,72.01,80.35,0.000100
2026-02-08 21:27:47,r3d_attention,r3d_attention_1000,30,2.2525,80.57,97.03,98.89,3.4724,40.84,71.55,79.78,0.000100
2026-02-08 21:39:41,r3d_attention,r3d_attention_1000,31,2.2404,81.16,97.20,98.71,3.4884,40.96,70.77,79.54,0.000100
2026-02-08 21:51:49,r3d_attention,r3d_attention_1000,32,2.2130,81.74,97.44,98.91,3.4092,42.04,72.13,80.59,0.000100
2026-02-08 22:02:06,r3d_attention,r3d_attention_1000,33,2.1859,83.15,97.59,99.08,3.4126,42.27,72.46,80.23,0.000100
2026-02-08 22:12:39,r3d_attention,r3d_attention_1000,34,2.1718,82.85,97.55,98.96,3.3785,42.51,72.46,80.50,0.000100
2026-02-08 22:23:10,r3d_attention,r3d_attention_1000,35,2.1653,83.44,97.78,99.09,3.4066,42.25,71.60,80.45,0.000100
2026-02-08 22:33:42,r3d_attention,r3d_attention_1000,36,2.1303,84.72,98.02,99.13,3.4048,42.23,72.01,80.45,0.000100
2026-02-08 22:44:14,r3d_attention,r3d_attention_1000,37,2.1217,84.68,98.10,99.25,3.3955,43.01,72.48,80.35,0.000100
2026-02-08 22:54:46,r3d_attention,r3d_attention_1000,38,2.0995,85.35,98.27,99.26,3.3925,42.42,72.32,80.31,0.000100
2026-02-08 23:05:20,r3d_attention,r3d_attention_1000,39,2.0933,85.92,98.14,99.28,3.3982,42.92,72.44,80.69,0.000100
2026-02-08 23:15:52,r3d_attention,r3d_attention_1000,40,2.0682,86.37,98.32,99.31,3.4584,41.87,71.72,80.40,0.000100
2026-02-08 23:26:55,r3d_attention,r3d_attention_1000,41,2.0516,87.03,98.65,99.47,3.3854,42.89,72.46,80.78,0.000100
2026-02-08 23:36:14,r3d_attention,r3d_attention_1000,42,2.0424,87.02,98.75,99.55,3.3728,42.44,72.53,80.35,0.000100
2026-02-08 23:45:32,r3d_attention,r3d_attention_1000,43,2.0262,87.65,98.62,99.52,3.3443,44.18,73.32,80.78,0.000100
2026-02-08 23:54:50,r3d_attention,r3d_attention_1000,44,2.0154,88.13,98.84,99.44,3.3967,42.04,72.37,80.69,0.000100
2026-02-09 00:04:09,r3d_attention,r3d_attention_1000,45,1.9950,88.80,98.80,99.51,3.3602,42.56,72.89,81.24,0.000100
2026-02-09 00:13:27,r3d_attention,r3d_attention_1000,46,1.9758,89.23,98.94,99.51,3.3607,43.01,73.61,81.09,0.000100
2026-02-09 00:22:44,r3d_attention,r3d_attention_1000,47,1.9666,89.64,99.06,99.57,3.3525,43.63,72.89,81.59,0.000100
2026-02-09 00:32:02,r3d_attention,r3d_attention_1000,48,1.9465,89.86,99.10,99.67,3.3523,43.20,73.51,80.71,0.000100
2026-02-09 00:41:20,r3d_attention,r3d_attention_1000,49,1.9410,89.74,99.09,99.67,3.3250,43.99,73.41,81.57,0.000100
2026-02-09 00:50:38,r3d_attention,r3d_attention_1000,50,1.9297,89.96,99.31,99.67,3.3463,43.56,73.27,81.55,0.000100
2026-02-09 00:59:57,r3d_attention,r3d_attention_1000,51,1.9158,90.38,99.20,99.69,3.3286,43.54,73.87,81.66,0.000100
2026-02-09 01:09:15,r3d_attention,r3d_attention_1000,52,1.9106,90.45,99.25,99.78,3.3431,42.89,73.13,80.90,0.000100
2026-02-09 01:18:33,r3d_attention,r3d_attention_1000,53,1.8877,91.51,99.31,99.74,3.3442,43.11,72.79,81.07,0.000100
2026-02-09 01:28:19,r3d_attention,r3d_attention_1000,54,1.8806,91.69,99.41,99.81,3.3231,43.61,73.68,81.45,0.000100
2026-02-09 01:37:37,r3d_attention,r3d_attention_1000,55,1.8693,91.65,99.39,99.77,3.3493,43.66,73.51,81.52,0.000100
2026-02-09 01:46:55,r3d_attention,r3d_attention_1000,56,1.8689,91.62,99.34,99.79,3.3419,43.61,73.32,81.43,0.000100
2026-02-09 01:56:14,r3d_attention,r3d_attention_1000,57,1.8434,92.41,99.43,99.82,3.3248,43.23,73.87,81.43,0.000100
2026-02-09 02:05:32,r3d_attention,r3d_attention_1000,58,1.8328,92.90,99.39,99.79,3.3050,44.18,73.92,82.02,0.000100
2026-02-09 02:14:50,r3d_attention,r3d_attention_1000,59,1.8250,92.76,99.65,99.89,3.2887,44.16,74.15,82.40,0.000100
2026-02-09 02:24:08,r3d_attention,r3d_attention_1000,60,1.8076,93.33,99.51,99.78,3.2726,44.87,74.89,82.40,0.000100
2026-02-09 02:33:27,r3d_attention,r3d_attention_1000,61,1.8076,93.32,99.55,99.83,3.2608,45.21,75.04,82.12,0.000100
2026-02-09 02:42:44,r3d_attention,r3d_attention_1000,62,1.7940,93.66,99.47,99.77,3.2870,44.21,74.70,82.55,0.000100
2026-02-09 02:54:00,r3d_attention,r3d_attention_1000,63,1.7806,93.34,99.62,99.91,3.2818,44.30,74.42,81.97,0.000100
2026-02-09 03:03:18,r3d_attention,r3d_attention_1000,64,1.7755,93.74,99.67,99.84,3.2888,44.66,74.25,81.45,0.000100
2026-02-09 03:12:37,r3d_attention,r3d_attention_1000,65,1.7667,94.13,99.72,99.92,3.2487,45.78,75.44,83.09,0.000100
2026-02-09 03:21:55,r3d_attention,r3d_attention_1000,66,1.7551,94.27,99.72,99.88,3.3114,44.11,74.11,82.00,0.000100
2026-02-09 03:31:13,r3d_attention,r3d_attention_1000,67,1.7476,94.31,99.55,99.81,3.2587,44.33,74.96,82.76,0.000100
2026-02-09 03:40:31,r3d_attention,r3d_attention_1000,68,1.7376,94.62,99.78,99.92,3.2894,44.35,73.82,81.86,0.000100
2026-02-09 03:49:49,r3d_attention,r3d_attention_1000,69,1.7371,94.32,99.59,99.84,3.2590,44.83,74.68,82.26,0.000100
2026-02-09 03:59:33,r3d_attention,r3d_attention_1000,70,1.7197,94.86,99.74,99.91,3.3020,44.16,74.08,81.90,0.000100
2026-02-09 04:08:52,r3d_attention,r3d_attention_1000,71,1.7147,94.82,99.71,99.88,3.2364,45.99,75.04,82.52,0.000100
2026-02-09 04:18:10,r3d_attention,r3d_attention_1000,72,1.7077,95.09,99.72,99.90,3.2359,45.71,75.11,82.93,0.000100
2026-02-09 04:27:28,r3d_attention,r3d_attention_1000,73,1.6959,95.22,99.65,99.80,3.2627,44.85,74.75,82.05,0.000100
2026-02-09 04:36:46,r3d_attention,r3d_attention_1000,74,1.6872,95.61,99.80,99.90,3.2615,44.71,74.70,82.40,0.000100
2026-02-09 04:46:04,r3d_attention,r3d_attention_1000,75,1.6819,95.28,99.78,99.91,3.2447,45.28,74.99,82.69,0.000100
2026-02-09 04:55:22,r3d_attention,r3d_attention_1000,76,1.6699,95.42,99.83,99.94,3.2100,46.30,75.63,83.14,0.000100
2026-02-09 05:04:41,r3d_attention,r3d_attention_1000,77,1.6673,95.64,99.75,99.92,3.3031,44.09,74.01,82.09,0.000100
2026-02-09 05:13:59,r3d_attention,r3d_attention_1000,78,1.6668,95.64,99.80,99.91,3.2813,44.56,73.84,81.78,0.000100
2026-02-09 05:23:17,r3d_attention,r3d_attention_1000,79,1.6518,95.74,99.81,99.93,3.2545,45.52,75.37,82.40,0.000100
2026-02-09 05:32:35,r3d_attention,r3d_attention_1000,80,1.6554,96.08,99.74,99.87,3.2352,45.92,75.44,82.59,0.000100
2026-02-09 05:41:53,r3d_attention,r3d_attention_1000,81,1.6407,96.00,99.83,99.96,3.2621,44.97,74.92,82.43,0.000100
2026-02-09 05:51:11,r3d_attention,r3d_attention_1000,82,1.6312,96.41,99.83,99.91,3.2688,44.42,74.82,82.28,0.000100
2026-02-09 06:00:29,r3d_attention,r3d_attention_1000,83,1.6344,95.97,99.77,99.92,3.2578,45.73,74.68,82.07,0.000100
2026-02-09 06:09:47,r3d_attention,r3d_attention_1000,84,1.6285,96.36,99.78,99.90,3.2615,45.45,74.34,82.14,0.000100
2026-02-09 06:19:11,r3d_attention,r3d_attention_1000,85,1.6192,96.26,99.80,99.89,3.2340,45.76,75.27,82.14,0.000100
2026-02-09 06:28:29,r3d_attention,r3d_attention_1000,86,1.6172,96.45,99.84,99.92,3.2526,45.71,75.25,82.83,0.000100
2026-02-09 06:37:50,r3d_attention,r3d_attention_1000,87,1.6078,96.49,99.87,99.96,3.2179,46.21,76.13,83.07,0.000100
2026-02-09 06:47:08,r3d_attention,r3d_attention_1000,88,1.5969,96.87,99.86,99.98,3.2139,45.76,76.01,83.48,0.000100
2026-02-09 06:56:26,r3d_attention,r3d_attention_1000,89,1.6029,96.72,99.79,99.89,3.1918,46.40,75.80,83.24,0.000100
2026-02-09 07:05:44,r3d_attention,r3d_attention_1000,90,1.5959,96.79,99.84,99.93,3.2617,45.04,75.04,82.59,0.000100
2026-02-09 07:15:02,r3d_attention,r3d_attention_1000,91,1.5850,96.94,99.87,99.98,3.2136,46.38,75.58,83.07,0.000100
2026-02-09 07:24:20,r3d_attention,r3d_attention_1000,92,1.5827,96.77,99.87,99.96,3.2339,45.42,75.01,82.50,0.000100
2026-02-09 07:33:38,r3d_attention,r3d_attention_1000,93,1.5752,96.97,99.91,99.97,3.2417,45.57,74.94,82.36,0.000100
2026-02-09 07:42:57,r3d_attention,r3d_attention_1000,94,1.5696,96.87,99.84,99.91,3.2012,46.64,76.28,83.24,0.000100
2026-02-09 07:52:20,r3d_attention,r3d_attention_1000,95,1.5739,96.68,99.87,99.93,3.2247,46.09,75.92,82.64,0.000100
2026-02-09 08:01:42,r3d_attention,r3d_attention_1000,96,1.5696,96.91,99.93,99.99,3.2190,46.78,75.70,82.45,0.000100
2026-02-09 08:11:01,r3d_attention,r3d_attention_1000,97,1.5589,96.89,99.87,99.96,3.2387,45.33,74.92,82.69,0.000100
2026-02-09 08:20:19,r3d_attention,r3d_attention_1000,98,1.5578,97.14,99.88,99.97,3.1942,46.90,75.80,83.12,0.000100
2026-02-09 08:29:38,r3d_attention,r3d_attention_1000,99,1.5503,97.11,99.89,99.98,3.2088,46.71,75.63,82.69,0.000100
2026-02-09 08:38:57,r3d_attention,r3d_attention_1000,100,1.5427,97.17,99.88,99.92,3.2050,47.04,76.42,83.19,0.000100
2026-02-09 08:48:15,r3d_attention,r3d_attention_1000,101,1.5492,97.05,99.81,99.87,3.2321,46.26,75.39,82.86,0.000100
2026-02-09 08:57:34,r3d_attention,r3d_attention_1000,102,1.5460,97.07,99.89,99.94,3.2351,46.61,75.54,82.74,0.000100
2026-02-09 09:06:53,r3d_attention,r3d_attention_1000,103,1.5400,97.24,99.93,99.99,3.2083,46.92,75.54,82.88,0.000100
2026-02-09 09:16:11,r3d_attention,r3d_attention_1000,104,1.5277,97.47,99.98,99.99,3.2017,46.85,75.89,83.26,0.000100
2026-02-09 09:25:30,r3d_attention,r3d_attention_1000,105,1.5299,97.22,99.92,99.96,3.2123,46.49,75.89,83.02,0.000050
2026-02-09 09:34:49,r3d_attention,r3d_attention_1000,106,1.4982,97.88,99.93,99.96,3.1941,47.71,76.32,83.12,0.000050
2026-02-09 09:44:08,r3d_attention,r3d_attention_1000,107,1.4945,97.71,99.91,99.97,3.1710,47.16,76.42,83.38,0.000050
2026-02-09 09:53:27,r3d_attention,r3d_attention_1000,108,1.4851,97.89,99.91,99.96,3.2153,47.09,76.11,83.02,0.000050
2026-02-09 10:02:46,r3d_attention,r3d_attention_1000,109,1.4817,98.01,99.94,99.97,3.2033,46.85,76.25,83.14,0.000050
2026-02-09 10:12:05,r3d_attention,r3d_attention_1000,110,1.4803,97.92,99.91,99.94,3.2014,47.76,76.49,83.17,0.000050
2026-02-09 10:21:24,r3d_attention,r3d_attention_1000,111,1.4770,97.91,99.91,99.98,3.1633,48.00,77.01,83.62,0.000050
2026-02-09 10:30:43,r3d_attention,r3d_attention_1000,112,1.4686,97.99,99.98,99.99,3.1973,47.21,76.37,83.07,0.000050
2026-02-09 10:40:02,r3d_attention,r3d_attention_1000,113,1.4702,97.66,99.90,99.96,3.1966,47.19,76.66,83.81,0.000050
2026-02-09 10:49:20,r3d_attention,r3d_attention_1000,114,1.4647,97.76,99.97,99.98,3.1908,47.50,76.92,83.50,0.000050
2026-02-09 10:58:39,r3d_attention,r3d_attention_1000,115,1.4657,97.74,99.92,99.96,3.1823,48.07,76.51,83.83,0.000050
2026-02-09 11:07:58,r3d_attention,r3d_attention_1000,116,1.4562,98.03,99.96,100.00,3.1931,47.85,76.54,84.07,0.000050
2026-02-09 11:17:16,r3d_attention,r3d_attention_1000,117,1.4612,97.76,99.91,99.93,3.1902,47.71,76.97,83.69,0.000050
2026-02-09 11:26:35,r3d_attention,r3d_attention_1000,118,1.4553,97.92,99.91,99.96,3.1905,47.97,76.97,83.67,0.000050
2026-02-09 11:35:57,r3d_attention,r3d_attention_1000,119,1.4588,97.87,99.93,99.96,3.1956,47.97,76.20,83.38,0.000050
2026-02-09 11:45:15,r3d_attention,r3d_attention_1000,120,1.4577,98.02,99.90,99.93,3.2093,46.95,76.63,83.33,0.000050
2026-02-09 11:54:34,r3d_attention,r3d_attention_1000,121,1.4549,97.88,99.91,99.97,3.1855,47.93,76.66,83.86,0.000050
2026-02-09 12:03:52,r3d_attention,r3d_attention_1000,122,1.4511,97.89,99.93,99.97,3.2058,46.83,75.73,83.14,0.000050
2026-02-09 12:13:12,r3d_attention,r3d_attention_1000,123,1.4465,97.94,99.94,99.97,3.1558,48.57,76.99,83.48,0.000050
2026-02-09 12:22:31,r3d_attention,r3d_attention_1000,124,1.4489,97.89,99.96,99.98,3.1630,48.71,76.87,83.43,0.000050
2026-02-09 18:30:59,r3d_attention,r3d_attention_1000_mixup_v1,125,3.0064,46.02,51.78,53.31,3.2995,45.09,75.32,82.40,0.000100
2026-02-09 18:40:23,r3d_attention,r3d_attention_1000_mixup_v1,126,2.8632,48.16,53.74,55.26,3.2683,46.16,75.39,83.21,0.000100
2026-02-09 18:49:56,r3d_attention,r3d_attention_1000_mixup_v1,127,2.8893,46.54,51.33,53.18,3.2780,46.11,75.54,82.81,0.000100
2026-02-09 18:59:59,r3d_attention,r3d_attention_1000_mixup_v1,128,2.8102,45.24,50.30,51.82,3.2699,46.69,75.30,82.62,0.000100
2026-02-09 19:09:39,r3d_attention,r3d_attention_1000_mixup_v1,129,2.7947,48.61,53.75,55.32,3.2230,46.83,76.08,83.31,0.000100
2026-02-09 19:22:22,r3d_attention,r3d_attention_1000_mixup_v1,130,2.8371,48.70,53.47,54.96,3.2569,45.37,75.11,82.83,0.000100
2026-02-09 19:33:38,r3d_attention,r3d_attention_1000_mixup_v1,131,2.7198,48.85,54.07,55.65,3.2547,46.23,75.18,83.09,0.000100
2026-02-09 19:42:58,r3d_attention,r3d_attention_1000_mixup_v1,132,2.7914,51.38,56.62,58.14,3.2415,45.88,75.94,82.52,0.000050
2026-02-09 19:52:17,r3d_attention,r3d_attention_1000_mixup_v1,133,2.7557,50.17,55.03,56.53,3.2155,47.21,76.90,83.33,0.000050
2026-02-09 20:01:37,r3d_attention,r3d_attention_1000_mixup_v1,134,2.7864,49.18,54.63,56.42,3.2774,46.28,75.66,83.19,0.000050
2026-02-09 20:10:58,r3d_attention,r3d_attention_1000_mixup_v1,135,2.7530,51.29,56.11,57.74,3.1870,48.02,76.32,83.67,0.000050
2026-02-09 20:20:18,r3d_attention,r3d_attention_1000_mixup_v1,136,2.6938,46.73,51.29,53.05,3.2143,48.16,76.66,83.62,0.000050
2026-02-09 20:29:38,r3d_attention,r3d_attention_1000_mixup_v1,137,2.6540,48.77,53.57,55.53,3.2205,48.52,76.68,84.10,0.000050
2026-02-09 20:38:59,r3d_attention,r3d_attention_1000_mixup_v1,138,2.6918,50.41,55.40,56.85,3.1748,47.93,76.87,83.91,0.000050
2026-02-09 20:48:19,r3d_attention,r3d_attention_1000_mixup_v1,139,2.6628,52.18,56.91,58.53,3.1724,48.19,77.59,84.02,0.000050
2026-02-09 20:57:38,r3d_attention,r3d_attention_1000_mixup_v1,140,2.7025,48.39,53.45,54.93,3.1982,47.23,76.56,84.14,0.000050
2026-02-09 21:06:58,r3d_attention,r3d_attention_1000_mixup_v1,141,2.7096,48.71,54.00,55.71,3.2017,48.31,76.68,84.17,0.000050
2026-02-09 21:16:18,r3d_attention,r3d_attention_1000_mixup_v1,142,2.7162,49.93,55.00,56.71,3.2215,47.88,76.90,83.83,0.000025
2026-02-09 21:25:38,r3d_attention,r3d_attention_1000_mixup_v1,143,2.7139,46.86,52.17,54.07,3.1786,49.26,77.04,84.36,0.000025
2026-02-09 21:35:01,r3d_attention,r3d_attention_1000_mixup_v1,144,2.5942,50.22,54.72,56.13,3.1865,48.93,76.59,84.38,0.000025
2026-02-09 21:44:21,r3d_attention,r3d_attention_1000_mixup_v1,145,2.6063,49.20,53.66,55.10,3.1862,48.62,77.23,84.43,0.000013
2026-02-09 21:53:46,r3d_attention,r3d_attention_1000_mixup_v1,146,2.6465,47.60,52.57,54.10,3.1558,49.33,77.23,84.45,0.000013
2026-02-09 23:08:47,r3d_attention,r3d_attention_1000_mixup_v1,147,2.7589,47.06,52.10,53.99,3.2508,47.42,75.94,83.09,0.000100
2026-02-09 23:18:09,r3d_attention,r3d_attention_1000_mixup_v1,148,2.6310,49.56,54.15,55.88,3.2449,47.85,76.08,84.02,0.000100
2026-02-09 23:27:31,r3d_attention,r3d_attention_1000_mixup_v1,149,2.6766,51.26,56.85,58.51,3.2324,47.04,75.89,83.69,0.000100
2026-02-09 23:36:53,r3d_attention,r3d_attention_1000_mixup_v1,150,2.7659,48.61,54.71,56.72,3.2142,48.12,75.99,83.79,0.000100
2026-02-09 23:46:15,r3d_attention,r3d_attention_1000_mixup_v1,151,2.6983,49.59,54.68,56.36,3.2465,47.09,76.39,83.74,0.000100
2026-02-09 23:55:37,r3d_attention,r3d_attention_1000_mixup_v1,152,2.6723,49.10,54.66,56.42,3.2185,47.26,76.13,83.55,0.000100
2026-02-10 00:04:59,r3d_attention,r3d_attention_1000_mixup_v1,153,2.7289,48.69,54.04,55.82,3.2560,47.50,76.35,83.71,0.000100
2026-02-10 00:14:21,r3d_attention,r3d_attention_1000_mixup_v1,154,2.6279,51.30,56.25,58.00,3.2260,47.04,76.20,83.31,0.000100
2026-02-10 00:23:44,r3d_attention,r3d_attention_1000_mixup_v1,155,2.6438,48.26,53.35,54.88,3.2103,47.62,76.42,83.79,0.000100
2026-02-10 00:33:06,r3d_attention,r3d_attention_1000_mixup_v1,156,2.6297,47.47,52.92,54.39,3.1999,46.90,76.75,83.79,0.000100
2026-02-10 00:42:28,r3d_attention,r3d_attention_1000_mixup_v1,157,2.6696,45.13,49.94,51.73,3.2791,46.09,75.13,83.00,0.000100
2026-02-10 00:51:52,r3d_attention,r3d_attention_1000_mixup_v1,158,2.6539,47.83,52.95,54.71,3.2041,47.64,76.85,83.79,0.000100
2026-02-10 01:01:14,r3d_attention,r3d_attention_1000_mixup_v1,159,2.6789,49.85,55.07,57.09,3.1637,47.57,76.87,84.55,0.000100
2026-02-10 01:10:41,r3d_attention,r3d_attention_1000_mixup_v1,160,2.6329,50.87,55.99,57.80,3.2013,46.90,76.68,83.88,0.000100
2026-02-10 01:20:03,r3d_attention,r3d_attention_1000_mixup_v1,161,2.6831,47.13,52.18,54.18,3.2022,47.93,76.04,83.83,0.000100
2026-02-10 01:29:26,r3d_attention,r3d_attention_1000_mixup_v1,162,2.5996,49.31,54.48,55.98,3.2008,47.11,75.99,83.79,0.000100
2026-02-10 01:38:48,r3d_attention,r3d_attention_1000_mixup_v1,163,2.6454,51.59,57.12,58.68,3.2235,47.04,76.28,83.91,0.000100
2026-02-10 01:48:10,r3d_attention,r3d_attention_1000_mixup_v1,164,2.6463,51.03,56.25,57.88,3.1980,47.59,77.37,84.02,0.000100
2026-02-10 01:57:32,r3d_attention,r3d_attention_1000_mixup_v1,165,2.6489,50.62,55.70,57.55,3.1533,48.74,77.16,84.57,0.000100
2026-02-10 02:07:00,r3d_attention,r3d_attention_1000_mixup_v1,166,2.6427,50.75,56.42,57.99,3.1980,48.62,77.16,83.86,0.000100
2026-02-10 02:16:22,r3d_attention,r3d_attention_1000_mixup_v1,167,2.6686,48.08,53.06,55.11,3.2177,47.54,76.85,83.95,0.000100
2026-02-10 02:25:45,r3d_attention,r3d_attention_1000_mixup_v1,168,2.6403,50.06,55.55,57.22,3.2196,48.52,76.99,83.98,0.000100
2026-02-10 02:35:08,r3d_attention,r3d_attention_1000_mixup_v1,169,2.6168,48.90,54.38,56.21,3.1691,48.26,76.63,84.36,0.000100
2026-02-10 02:44:30,r3d_attention,r3d_attention_1000_mixup_v1,170,2.5876,51.12,55.99,57.85,3.1979,48.07,76.70,84.31,0.000100
2026-02-10 02:53:53,r3d_attention,r3d_attention_1000_mixup_v1,171,2.5405,52.66,57.71,59.14,3.1991,49.02,77.06,84.22,0.000100
2026-02-10 03:03:15,r3d_attention,r3d_attention_1000_mixup_v1,172,2.6212,49.92,55.13,57.06,3.1872,48.76,76.56,83.76,0.000100
2026-02-10 03:12:38,r3d_attention,r3d_attention_1000_mixup_v1,173,2.6131,48.50,54.04,56.36,3.2337,47.81,77.09,83.91,0.000100
2026-02-10 03:22:00,r3d_attention,r3d_attention_1000_mixup_v1,174,2.6258,51.94,57.32,58.91,3.2073,48.74,77.28,83.76,0.000100
2026-02-10 03:31:22,r3d_attention,r3d_attention_1000_mixup_v1,175,2.6142,49.89,54.73,56.38,3.2302,47.78,76.49,83.57,0.000100
2026-02-10 03:40:44,r3d_attention,r3d_attention_1000_mixup_v1,176,2.6107,49.46,55.10,56.87,3.2014,49.14,76.90,83.83,0.000100
2026-02-10 03:50:06,r3d_attention,r3d_attention_1000_mixup_v1,177,2.6248,47.67,53.55,55.41,3.2091,48.45,76.87,84.29,0.000100
2026-02-10 03:59:29,r3d_attention,r3d_attention_1000_mixup_v1,178,2.5738,52.27,57.78,59.52,3.1746,48.55,77.85,84.69,0.000100
2026-02-10 04:08:51,r3d_attention,r3d_attention_1000_mixup_v1,179,2.5500,51.98,57.42,59.37,3.1669,48.97,76.90,84.69,0.000100
2026-02-10 04:18:14,r3d_attention,r3d_attention_1000_mixup_v1,180,2.6250,48.96,54.34,56.33,3.1896,48.52,76.99,83.76,0.000100
2026-02-10 04:27:36,r3d_attention,r3d_attention_1000_mixup_v1,181,2.6231,49.86,55.82,57.39,3.1731,48.71,77.09,83.93,0.000100
2026-02-10 04:36:59,r3d_attention,r3d_attention_1000_mixup_v1,182,2.5714,49.82,55.44,57.45,3.1974,48.12,76.59,83.86,0.000100
2026-02-10 04:46:21,r3d_attention,r3d_attention_1000_mixup_v1,183,2.5896,52.01,57.99,59.75,3.1959,48.66,77.40,84.02,0.000100
2026-02-10 04:55:43,r3d_attention,r3d_attention_1000_mixup_v1,184,2.5462,51.78,57.28,59.35,3.1874,48.71,77.63,84.64,0.000100
2026-02-10 05:05:06,r3d_attention,r3d_attention_1000_mixup_v1,185,2.5634,48.01,53.88,55.92,3.1418,49.59,77.59,84.76,0.000100
2026-02-10 05:14:28,r3d_attention,r3d_attention_1000_mixup_v1,186,2.5963,50.11,56.36,58.53,3.1668,49.55,77.52,84.31,0.000100
2026-02-10 05:23:51,r3d_attention,r3d_attention_1000_mixup_v1,187,2.4823,51.26,56.25,57.86,3.1789,49.24,77.56,84.50,0.000100
2026-02-10 05:33:13,r3d_attention,r3d_attention_1000_mixup_v1,188,2.5645,51.89,57.77,59.57,3.2021,49.38,77.18,84.88,0.000100
2026-02-10 05:42:36,r3d_attention,r3d_attention_1000_mixup_v1,189,2.4951,50.92,56.30,58.17,3.1846,48.78,77.40,84.69,0.000100
2026-02-10 05:51:58,r3d_attention,r3d_attention_1000_mixup_v1,190,2.5729,48.57,54.06,55.98,3.1523,49.00,77.90,84.98,0.000100
2026-02-10 06:01:20,r3d_attention,r3d_attention_1000_mixup_v1,191,2.6025,51.75,57.69,59.59,3.1726,49.19,77.30,84.93,0.000100
2026-02-10 06:10:42,r3d_attention,r3d_attention_1000_mixup_v1,192,2.5642,53.58,59.11,61.04,3.1902,49.52,77.66,84.60,0.000100
2026-02-10 06:20:04,r3d_attention,r3d_attention_1000_mixup_v1,193,2.5054,50.26,55.55,57.25,3.1533,49.36,77.80,84.79,0.000100
2026-02-10 06:29:27,r3d_attention,r3d_attention_1000_mixup_v1,194,2.5846,47.78,53.68,55.79,3.1801,49.24,77.71,84.76,0.000100
2026-02-10 06:38:49,r3d_attention,r3d_attention_1000_mixup_v1,195,2.4901,54.48,59.90,61.78,3.1851,49.57,77.99,84.79,0.000100
2026-02-10 06:48:12,r3d_attention,r3d_attention_1000_mixup_v1,196,2.5198,51.71,57.16,58.85,3.2021,49.12,77.68,84.91,0.000100
2026-02-10 06:57:34,r3d_attention,r3d_attention_1000_mixup_v1,197,2.5420,50.38,56.51,58.49,3.1483,49.52,78.28,85.22,0.000100
2026-02-10 07:06:56,r3d_attention,r3d_attention_1000_mixup_v1,198,2.4371,49.60,54.81,56.44,3.2031,49.19,77.49,84.41,0.000100
2026-02-10 07:16:18,r3d_attention,r3d_attention_1000_mixup_v1,199,2.4884,49.67,55.44,57.21,3.1660,49.43,78.23,85.31,0.000100
2026-02-10 07:25:41,r3d_attention,r3d_attention_1000_mixup_v1,200,2.4757,51.95,57.83,59.61,3.1825,48.86,77.63,84.67,0.000100
2026-02-10 07:35:03,r3d_attention,r3d_attention_1000_mixup_v1,201,2.5269,48.94,54.47,56.24,3.2062,49.00,77.92,84.33,0.000100
2026-02-10 07:44:26,r3d_attention,r3d_attention_1000_mixup_v1,202,2.5112,53.08,58.73,60.43,3.1708,50.26,77.56,85.36,0.000100
2026-02-10 07:53:48,r3d_attention,r3d_attention_1000_mixup_v1,203,2.5236,50.34,56.12,58.12,3.1523,49.57,77.94,84.86,0.000100
2026-02-10 08:03:15,r3d_attention,r3d_attention_1000_mixup_v1,204,2.5187,49.15,55.70,57.67,3.1668,50.33,78.54,85.29,0.000100
2026-02-10 08:12:38,r3d_attention,r3d_attention_1000_mixup_v1,205,2.5327,52.33,57.90,60.01,3.1378,50.07,77.59,84.64,0.000100
2026-02-10 08:22:00,r3d_attention,r3d_attention_1000_mixup_v1,206,2.5001,50.76,57.21,59.37,3.1201,50.26,78.28,85.65,0.000100
2026-02-10 08:31:25,r3d_attention,r3d_attention_1000_mixup_v1,207,2.5334,50.69,56.88,58.86,3.1496,48.97,78.23,85.22,0.000100
2026-02-10 08:40:50,r3d_attention,r3d_attention_1000_mixup_v1,208,2.5193,50.76,57.08,59.26,3.1831,49.24,77.49,84.43,0.000100
2026-02-10 08:50:12,r3d_attention,r3d_attention_1000_mixup_v1,209,2.4639,51.83,57.58,59.66,3.2085,49.05,76.87,84.26,0.000100
2026-02-10 08:59:35,r3d_attention,r3d_attention_1000_mixup_v1,210,2.5573,50.51,56.97,59.12,3.2158,49.50,78.02,84.43,0.000100
2026-02-10 09:08:57,r3d_attention,r3d_attention_1000_mixup_v1,211,2.4929,52.55,58.71,61.02,3.1623,50.17,77.85,84.53,0.000100
2026-02-10 09:18:21,r3d_attention,r3d_attention_1000_mixup_v1,212,2.4271,51.90,57.59,59.42,3.1827,50.48,78.59,84.98,0.000100
2026-02-10 09:27:47,r3d_attention,r3d_attention_1000_mixup_v1,213,2.5076,49.56,55.90,58.17,3.2170,48.83,77.42,84.29,0.000100
2026-02-10 09:38:53,r3d_attention,r3d_attention_1000_mixup_v1,214,2.5212,50.02,56.63,58.71,3.1948,50.14,77.42,84.95,0.000100
2026-02-10 09:48:34,r3d_attention,r3d_attention_1000_mixup_v1,215,2.4823,49.99,55.95,57.81,3.1767,49.64,77.87,85.38,0.000100
2026-02-10 09:58:01,r3d_attention,r3d_attention_1000_mixup_v1,216,2.4633,48.98,55.34,57.08,3.1866,49.64,77.87,84.74,0.000100
2026-02-10 10:07:28,r3d_attention,r3d_attention_1000_mixup_v1,217,2.4479,50.07,55.92,58.03,3.2330,49.64,77.63,84.29,0.000100
2026-02-10 10:16:55,r3d_attention,r3d_attention_1000_mixup_v1,218,2.4879,48.80,54.72,56.90,3.1591,48.78,78.11,85.07,0.000100
2026-02-10 10:26:20,r3d_attention,r3d_attention_1000_mixup_v1,219,2.5229,51.58,57.88,59.99,3.2025,49.62,78.11,84.88,0.000100
2026-02-10 10:35:43,r3d_attention,r3d_attention_1000_mixup_v1,220,2.4801,52.23,58.26,60.43,3.1843,49.52,77.35,84.36,0.000100
2026-02-10 10:45:06,r3d_attention,r3d_attention_1000_mixup_v1,221,2.4530,49.75,56.31,58.19,3.1915,50.36,77.94,84.60,0.000100
2026-02-10 10:54:32,r3d_attention,r3d_attention_1000_mixup_v1,222,2.4207,50.91,57.32,59.31,3.1682,49.88,78.04,85.10,0.000100
2026-02-10 11:03:58,r3d_attention,r3d_attention_1000_mixup_v1,223,2.4476,52.13,58.53,60.57,3.2101,49.48,77.87,85.12,0.000100
2026-02-10 11:13:35,r3d_attention,r3d_attention_1000_mixup_v1,224,2.4404,51.25,56.99,58.88,3.1840,50.14,77.85,85.12,0.000100
2026-02-10 11:23:00,r3d_attention,r3d_attention_1000_mixup_v1,225,2.5185,52.03,58.77,61.18,3.1466,50.10,78.21,84.76,0.000100
2026-02-10 11:32:25,r3d_attention,r3d_attention_1000_mixup_v1,226,2.4766,54.13,61.12,63.07,3.1835,49.90,78.28,84.98,0.000100
2026-02-10 11:41:50,r3d_attention,r3d_attention_1000_mixup_v1,227,2.4105,51.70,57.46,59.25,3.1871,50.41,77.71,84.62,0.000100
2026-02-10 11:51:13,r3d_attention,r3d_attention_1000_mixup_v1,228,2.4681,51.68,58.69,60.82,3.1962,49.57,78.04,85.00,0.000100
2026-02-10 12:00:36,r3d_attention,r3d_attention_1000_mixup_v1,229,2.4520,50.51,57.26,59.24,3.1553,50.98,78.28,85.05,0.000100
2026-02-10 12:09:58,r3d_attention,r3d_attention_1000_mixup_v1,230,2.4545,52.39,59.34,61.67,3.1385,50.19,78.52,85.05,0.000100
2026-02-10 12:19:21,r3d_attention,r3d_attention_1000_mixup_v1,231,2.4420,47.91,54.56,56.89,3.1941,50.10,77.97,85.17,0.000100
2026-02-10 12:28:44,r3d_attention,r3d_attention_1000_mixup_v1,232,2.4448,53.04,59.92,62.14,3.1482,51.50,78.64,85.60,0.000050
2026-02-10 12:38:07,r3d_attention,r3d_attention_1000_mixup_v1,233,2.4123,50.62,57.35,59.37,3.1063,51.57,79.26,85.74,0.000050
2026-02-10 12:47:29,r3d_attention,r3d_attention_1000_mixup_v1,234,2.4414,51.48,58.05,60.45,3.1686,50.76,79.02,85.07,0.000050
2026-02-10 12:56:52,r3d_attention,r3d_attention_1000_mixup_v1,235,2.3562,54.68,60.79,62.84,3.1370,51.05,79.14,85.67,0.000050
2026-02-10 13:06:14,r3d_attention,r3d_attention_1000_mixup_v1,236,2.3461,52.24,58.76,60.67,3.1854,50.86,78.49,85.53,0.000050
2026-02-10 13:15:40,r3d_attention,r3d_attention_1000_mixup_v1,237,2.3586,53.95,60.58,62.76,3.1033,51.84,79.69,86.19,0.000050
2026-02-10 13:25:05,r3d_attention,r3d_attention_1000_mixup_v1,238,2.4204,51.32,58.48,60.60,3.1393,51.72,79.23,85.77,0.000050
2026-02-10 13:34:44,r3d_attention,r3d_attention_1000_mixup_v1,239,2.3904,50.43,57.52,59.67,3.1471,51.60,79.33,85.65,0.000050
2026-02-10 13:44:34,r3d_attention,r3d_attention_1000_mixup_v1,240,2.3795,51.81,59.04,61.28,3.1586,52.03,79.18,85.96,0.000050
2026-02-10 13:55:22,r3d_attention,r3d_attention_1000_mixup_v1,241,2.3801,49.60,56.36,58.38,3.1407,51.91,79.30,85.77,0.000050
2026-02-10 14:06:18,r3d_attention,r3d_attention_1000_mixup_v1,242,2.3768,50.24,57.42,59.55,3.1443,51.53,79.54,85.69,0.000050
2026-02-10 14:17:14,r3d_attention,r3d_attention_1000_mixup_v1,243,2.3532,52.13,58.97,60.88,3.1584,51.96,79.30,86.17,0.000050
2026-02-10 14:27:00,r3d_attention,r3d_attention_1000_mixup_v1,244,2.4077,51.87,59.35,61.96,3.1355,51.91,79.61,85.55,0.000050
2026-02-10 14:36:28,r3d_attention,r3d_attention_1000_mixup_v1,245,2.4183,49.95,57.60,59.92,3.1822,51.12,79.21,85.79,0.000050
2026-02-10 14:45:54,r3d_attention,r3d_attention_1000_mixup_v1,246,2.3886,53.22,60.68,62.86,3.2153,51.84,79.71,85.46,0.000050
2026-02-10 14:55:17,r3d_attention,r3d_attention_1000_mixup_v1,247,2.3565,50.53,57.56,59.67,3.1558,51.53,79.18,85.34,0.000050
2026-02-10 15:04:38,r3d_attention,r3d_attention_1000_mixup_v1,248,2.3382,48.94,55.92,58.10,3.1322,51.76,79.33,85.74,0.000050
2026-02-10 15:14:01,r3d_attention,r3d_attention_1000_mixup_v1,249,2.3874,54.33,61.66,63.96,3.1577,51.48,79.47,85.69,0.000050
2026-02-10 15:23:23,r3d_attention,r3d_attention_1000_mixup_v1,250,2.3858,51.99,59.61,62.04,3.1495,51.34,79.14,86.27,0.000050
2026-02-10 15:32:46,r3d_attention,r3d_attention_1000_mixup_v1,251,2.3628,52.75,60.43,62.80,3.1475,51.84,79.73,86.27,0.000050
2026-02-10 15:42:07,r3d_attention,r3d_attention_1000_mixup_v1,252,2.4035,51.34,58.42,60.91,3.2067,51.45,78.66,85.41,0.000050
2026-02-10 15:51:30,r3d_attention,r3d_attention_1000_mixup_v1,253,2.3332,50.58,57.54,59.77,3.1682,50.74,79.26,85.65,0.000050
2026-02-10 16:00:51,r3d_attention,r3d_attention_1000_mixup_v1,254,2.3381,49.25,56.48,58.64,3.1953,51.34,79.47,85.91,0.000050
2026-02-10 16:10:13,r3d_attention,r3d_attention_1000_mixup_v1,255,2.3259,53.55,60.83,62.89,3.2292,51.50,79.09,85.48,0.000050
2026-02-10 16:19:38,r3d_attention,r3d_attention_1000_mixup_v1,256,2.3745,52.16,59.31,61.64,3.2062,50.93,78.90,85.53,0.000050
2026-02-10 16:29:09,r3d_attention,r3d_attention_1000_mixup_v1,257,2.3535,51.18,58.88,60.83,3.1507,51.34,79.71,85.50,0.000050
2026-02-10 16:38:34,r3d_attention,r3d_attention_1000_mixup_v1,258,2.3130,53.06,59.74,61.82,3.2202,51.62,78.85,85.22,0.000050
2026-02-10 16:47:57,r3d_attention,r3d_attention_1000_mixup_v1,259,2.3759,50.93,58.59,61.04,3.1902,51.62,78.90,85.74,0.000050
2026-02-10 16:57:19,r3d_attention,r3d_attention_1000_mixup_v1,260,2.3338,52.42,59.15,61.58,3.1677,51.76,79.95,86.05,0.000050
2026-02-10 17:06:42,r3d_attention,r3d_attention_1000_mixup_v1,261,2.3785,52.42,59.96,62.33,3.1668,51.48,79.18,86.27,0.000050
2026-02-10 17:16:04,r3d_attention,r3d_attention_1000_mixup_v1,262,2.3294,49.50,56.56,58.88,3.1927,51.79,79.09,85.53,0.000050
2026-02-10 17:25:27,r3d_attention,r3d_attention_1000_mixup_v1,263,2.3310,52.96,60.06,62.30,3.2322,51.62,78.99,85.60,0.000025
2026-02-10 17:34:49,r3d_attention,r3d_attention_1000_mixup_v1,264,2.3549,53.04,60.93,63.13,3.2214,51.07,79.61,85.55,0.000025
2026-02-10 17:44:13,r3d_attention,r3d_attention_1000_mixup_v1,265,2.3702,51.06,58.81,61.13,3.1440,52.19,79.66,86.03,0.000025
2026-02-10 17:53:36,r3d_attention,r3d_attention_1000_mixup_v1,266,2.2681,54.62,61.60,63.84,3.1806,52.19,79.54,85.86,0.000025
2026-02-10 18:02:58,r3d_attention,r3d_attention_1000_mixup_v1,267,2.3027,50.37,57.84,59.99,3.1628,51.76,79.76,85.69,0.000025
2026-02-10 18:12:21,r3d_attention,r3d_attention_1000_mixup_v1,268,2.3507,52.37,60.45,62.59,3.2083,51.79,79.85,85.69,0.000025
2026-02-10 18:21:44,r3d_attention,r3d_attention_1000_mixup_v1,269,2.2713,51.78,58.83,60.90,3.1901,51.55,79.71,86.17,0.000025
2026-02-10 18:31:06,r3d_attention,r3d_attention_1000_mixup_v1,270,2.2891,54.43,61.38,63.51,3.1946,51.50,79.59,86.03,0.000025
2026-02-10 18:40:30,r3d_attention,r3d_attention_1000_mixup_v1,271,2.3010,49.35,56.97,59.28,3.1457,52.31,79.33,86.10,0.000025
2026-02-10 18:49:52,r3d_attention,r3d_attention_1000_mixup_v1,272,2.2948,51.42,58.79,60.88,3.2004,51.98,78.90,85.79,0.000025
2026-02-10 18:59:15,r3d_attention,r3d_attention_1000_mixup_v1,273,2.2993,52.11,59.10,61.21,3.1660,51.48,79.35,85.98,0.000025
2026-02-10 19:08:37,r3d_attention,r3d_attention_1000_mixup_v1,274,2.2439,52.41,59.43,61.58,3.1872,52.27,79.28,85.65,0.000025
2026-02-10 19:18:00,r3d_attention,r3d_attention_1000_mixup_v1,275,2.3471,50.80,59.18,61.46,3.1908,52.84,79.76,85.98,0.000025
2026-02-10 19:27:23,r3d_attention,r3d_attention_1000_mixup_v1,276,2.3359,51.90,59.41,61.85,3.2070,51.81,79.49,86.10,0.000025
2026-02-10 19:36:46,r3d_attention,r3d_attention_1000_mixup_v1,277,2.3207,52.78,60.54,62.59,3.1511,52.12,79.97,86.12,0.000025
2026-02-10 19:46:08,r3d_attention,r3d_attention_1000_mixup_v1,278,2.2710,51.94,58.72,60.96,3.1869,52.00,79.76,86.03,0.000025
2026-02-10 19:55:31,r3d_attention,r3d_attention_1000_mixup_v1,279,2.3634,50.65,59.08,61.67,3.1898,51.98,79.61,86.10,0.000025
2026-02-10 20:04:54,r3d_attention,r3d_attention_1000_mixup_v1,280,2.2876,50.57,58.37,60.72,3.1950,51.72,79.78,85.62,0.000025
2026-02-10 20:14:16,r3d_attention,r3d_attention_1000_mixup_v1,281,2.2638,54.82,61.89,64.11,3.1584,51.98,79.33,85.62,0.000025
2026-02-10 20:23:39,r3d_attention,r3d_attention_1000_mixup_v1,282,2.3480,53.73,61.75,64.22,3.1470,51.98,79.76,86.24,0.000025
2026-02-10 20:33:02,r3d_attention,r3d_attention_1000_mixup_v1,283,2.2735,53.78,60.88,62.85,3.3194,51.57,79.07,85.50,0.000025
2026-02-10 20:42:24,r3d_attention,r3d_attention_1000_mixup_v1,284,2.2951,50.75,58.38,60.90,3.2245,51.36,79.21,85.81,0.000025
2026-02-10 20:51:47,r3d_attention,r3d_attention_1000_mixup_v1,285,2.2794,50.81,58.08,60.24,3.1923,51.69,79.11,85.55,0.000025
2026-02-10 21:01:10,r3d_attention,r3d_attention_1000_mixup_v1,286,2.3123,52.96,61.08,63.27,3.2515,51.91,79.30,85.77,0.000025
